site,name,epoch,outline_ha,rule_id,rule,limit,value,unit,nearest_feature,n_within_limit,verdict,basis,alt_value,alt_verdict,alt_basis,alt_feature,auto_verdict,imagery_review,imagery_note,osm_residential_m,airport_kind,flood_overlap_ha,flood_nearest_m,flood_max_depth_m,other_protected_land
AHM-01,Ahmedabad LF-1 (Pirana),2026,29.9,R1,River,100 m,959.7,m,Sabarmati River (unnamed OSM part),0.0,ok,OSM waterway=river / river water areas,,,,,,,,,,,,,
AHM-01,Ahmedabad LF-1 (Pirana),2026,29.9,R2,Pond,200 m,603.5,m,"unnamed water body (pond, 3.9 ha)",0.0,ok,"OSM natural=water (pond/lake/reservoir/unspecified) and landuse=reservoir/basin, >= 100 m2",,,,,,,,,,,,,
AHM-01,Ahmedabad LF-1 (Pirana),2026,29.9,R3,Highway (NH / SH),200 m,28.4,m,"SH142 (primary, SH142)",2.0,breach,"OSM motorway/trunk/primary (OSM India: trunk = NH, primary = SH) or ref NH/SH",28.4,breach,strict: only motorway/trunk or roads with an NH/SH ref,"SH142 (primary, SH142)",,,,,,,,,
AHM-01,Ahmedabad LF-1 (Pirana),2026,29.9,R4,Habitation,200 m,30.7,m,390 residential buildings within 200 m (of 437 buildings); nearest building 30.7 m,390.0,breach,"Overture buildings outside the dumpsite (+20 m), not circular tanks, outside OSM industrial / commercial / plant / landfill land, on a GHSL-2018 residential cell; >= 5 = breach; imagery review 'uncertain' -> check",,,,,breach,confirmed,dense housing on the east / south-east edge; industrial units elsewhere (excluded),0.0,,,,,
AHM-01,Ahmedabad LF-1 (Pirana),2026,29.9,R5,Public park,200 m,1357.0,m,Riverfront Biodiversity Park,0.0,ok,OSM leisure=park / recreation_ground,,,,,,,,,,,,,
AHM-01,Ahmedabad LF-1 (Pirana),2026,29.9,R6,Water-supply well,200 m,,m,no public map of water-supply wells,,not assessable,no complete open dataset of water-supply wells; OSM man_made=water_well shown for information only,,,,,,,,,,,,,
AHM-01,Ahmedabad LF-1 (Pirana),2026,29.9,R7,Airport / airbase,20 km (10-20 km only with NOC),11.86,km,"Sardar Vallabhbhai Patel International Airport (VAAH; airport, scheduled flights)",,conditional,"aerodromes from OSM (airports, airbases, airstrips; not abandoned), distance to the aerodrome reference point (OurAirports); < 10 km = breach; 10-20 km = allowed only with a NOC (conditional)",9.64,breach,distance to the nearest aerodrome boundary (OSM polygon),,,,,,"airport, scheduled flights",,,,
AHM-01,Ahmedabad LF-1 (Pirana),2026,29.9,R8,Flood plain (100-year),not permitted,83.6,% of outline in 100-yr flood extent,overlap 25.00 ha; nearest flooded cell 0.0 m; max depth under outline 2.0 m,,breach,"JRC/Copernicus global river flood hazard map v2.1.2, 100-year return period, 90 m; >= 10% of outline = breach, 0-10% = edge overlap (check)",,,,,,,,,,25.0,0.0,2.01,
AHM-01,Ahmedabad LF-1 (Pirana),2026,29.9,R9,Coastal Regulation Zone,not permitted,,m,no coastline within 2.5 km; no tidal feature within 2.5 km,,ok,SCREENING: within 500 m of the OSM coastline or 50 m of OSM tidal features (CRZ Notification 2019); official CZMP High Tide Line maps not used,,,,,,,,,,,,,
AHM-01,Ahmedabad LF-1 (Pirana),2026,29.9,R10,Wetland,not permitted,2461.2,m,wetland: unspecified,,ok,"OSM natural=wetland (incl. mangrove, marsh, tidal flat, salt marsh); breach = outline overlaps it",,,,,,,,,,,,,
AHM-01,Ahmedabad LF-1 (Pirana),2026,29.9,R11,Critical habitat / eco-fragile area,not permitted,85.87,km,Wild Ass WLS,,ok,"OSM protected areas (national parks, sanctuaries, reserves) in Gujarat; inside or < 1 km (minimum ESZ, SC order 3 June 2022) = breach; 1-10 km = check the notified ESZ (10 km default, MoEFCC 2011)",,,,,,,,,,,,,
AHM-01,Ahmedabad LF-1 (Pirana),2026,29.9,R12,In town-planning land-use plan,required,,,OSM marks the site as landuse=landfill,,not assessable,needs the town-planning Development Plan / TP scheme maps; not available as open GIS data,,,,,,,,,,,,,
AHM-01,Ahmedabad LF-1 (Pirana),2016,38.45,R1,River,100 m,890.5,m,Sabarmati River (unnamed OSM part),0.0,ok,OSM waterway=river / river water areas,,,,,,,,,,,,,
AHM-01,Ahmedabad LF-1 (Pirana),2016,38.45,R2,Pond,200 m,762.5,m,"unnamed water body (natural=water, 0.8 ha)",0.0,ok,"OSM natural=water (pond/lake/reservoir/unspecified) and landuse=reservoir/basin, >= 100 m2",,,,,,,,,,,,,
AHM-01,Ahmedabad LF-1 (Pirana),2016,38.45,R3,Highway (NH / SH),200 m,7.1,m,"SH142 (primary, SH142)",6.0,breach,"OSM motorway/trunk/primary (OSM India: trunk = NH, primary = SH) or ref NH/SH",7.1,breach,strict: only motorway/trunk or roads with an NH/SH ref,"SH142 (primary, SH142)",,,,,,,,,
AHM-01,Ahmedabad LF-1 (Pirana),2016,38.45,R4,Habitation,200 m,23.4,m,336 residential buildings within 200 m (of 371 buildings); nearest building 23.4 m,336.0,breach,"Overture buildings outside the dumpsite (+20 m), not circular tanks, outside OSM industrial / commercial / plant / landfill land, on a GHSL-2018 residential cell; >= 5 = breach; imagery review 'uncertain' -> check",,,,,breach,confirmed,dense housing on the east / south-east edge; industrial units elsewhere (excluded),8.7,,,,,
AHM-01,Ahmedabad LF-1 (Pirana),2016,38.45,R5,Public park,200 m,1283.5,m,Riverfront Biodiversity Park,0.0,ok,OSM leisure=park / recreation_ground,,,,,,,,,,,,,
AHM-01,Ahmedabad LF-1 (Pirana),2016,38.45,R6,Water-supply well,200 m,,m,no public map of water-supply wells,,not assessable,no complete open dataset of water-supply wells; OSM man_made=water_well shown for information only,,,,,,,,,,,,,
AHM-01,Ahmedabad LF-1 (Pirana),2016,38.45,R7,Airport / airbase,20 km (10-20 km only with NOC),12.25,km,"Sardar Vallabhbhai Patel International Airport (VAAH; airport, scheduled flights)",,conditional,"aerodromes from OSM (airports, airbases, airstrips; not abandoned), distance to the aerodrome reference point (OurAirports); < 10 km = breach; 10-20 km = allowed only with a NOC (conditional)",10.03,conditional,distance to the nearest aerodrome boundary (OSM polygon),,,,,,"airport, scheduled flights",,,,
AHM-01,Ahmedabad LF-1 (Pirana),2016,38.45,R8,Flood plain (100-year),not permitted,85.6,% of outline in 100-yr flood extent,overlap 32.93 ha; nearest flooded cell 0.0 m; max depth under outline 2.3 m,,breach,"JRC/Copernicus global river flood hazard map v2.1.2, 100-year return period, 90 m; >= 10% of outline = breach, 0-10% = edge overlap (check)",,,,,,,,,,32.93,0.0,2.34,
AHM-01,Ahmedabad LF-1 (Pirana),2016,38.45,R9,Coastal Regulation Zone,not permitted,,m,no coastline within 2.5 km; no tidal feature within 2.5 km,,ok,SCREENING: within 500 m of the OSM coastline or 50 m of OSM tidal features (CRZ Notification 2019); official CZMP High Tide Line maps not used,,,,,,,,,,,,,
AHM-01,Ahmedabad LF-1 (Pirana),2016,38.45,R10,Wetland,not permitted,2439.3,m,wetland: unspecified,,ok,"OSM natural=wetland (incl. mangrove, marsh, tidal flat, salt marsh); breach = outline overlaps it",,,,,,,,,,,,,
AHM-01,Ahmedabad LF-1 (Pirana),2016,38.45,R11,Critical habitat / eco-fragile area,not permitted,85.7,km,Wild Ass WLS,,ok,"OSM protected areas (national parks, sanctuaries, reserves) in Gujarat; inside or < 1 km (minimum ESZ, SC order 3 June 2022) = breach; 1-10 km = check the notified ESZ (10 km default, MoEFCC 2011)",,,,,,,,,,,,,
AHM-01,Ahmedabad LF-1 (Pirana),2016,38.45,R12,In town-planning land-use plan,required,,,OSM marks the site as landuse=landfill,,not assessable,needs the town-planning Development Plan / TP scheme maps; not available as open GIS data,,,,,,,,,,,,,
AHM-02,Ahmedabad LF-2,2026,8.17,R1,River,100 m,1117.9,m,Sabarmati River (unnamed OSM part),0.0,ok,OSM waterway=river / river water areas,,,,,,,,,,,,,
AHM-02,Ahmedabad LF-2,2026,8.17,R2,Pond,200 m,947.0,m,"unnamed water body (basin, 8.5 ha)",0.0,ok,"OSM natural=water (pond/lake/reservoir/unspecified) and landuse=reservoir/basin, >= 100 m2",,,,,,,,,,,,,
AHM-02,Ahmedabad LF-2,2026,8.17,R3,Highway (NH / SH),200 m,281.6,m,Narol Sarkhej Road (primary),0.0,ok,"OSM motorway/trunk/primary (OSM India: trunk = NH, primary = SH) or ref NH/SH",626.8,ok,strict: only motorway/trunk or roads with an NH/SH ref,"SH142 (primary, SH142)",,,,,,,,,
AHM-02,Ahmedabad LF-2,2026,8.17,R4,Habitation,200 m,34.4,m,48 residential buildings within 200 m (of 63 buildings); nearest building 34.4 m,48.0,ok,"Overture buildings outside the dumpsite (+20 m), not circular tanks, outside OSM industrial / commercial / plant / landfill land, on a GHSL-2018 residential cell; >= 5 = breach; imagery review 'uncertain' -> check",,,,,breach,not residential,"student imagery check 26 Sep: structures within 200 m are not dwellings (Pirana STP to the west, sheds north and south-east)",1937.5,,,,,
AHM-02,Ahmedabad LF-2,2026,8.17,R5,Public park,200 m,2533.6,m,Riverfront Biodiversity Park,0.0,ok,OSM leisure=park / recreation_ground,,,,,,,,,,,,,
AHM-02,Ahmedabad LF-2,2026,8.17,R6,Water-supply well,200 m,,m,no public map of water-supply wells,,not assessable,no complete open dataset of water-supply wells; OSM man_made=water_well shown for information only,,,,,,,,,,,,,
AHM-02,Ahmedabad LF-2,2026,8.17,R7,Airport / airbase,20 km (10-20 km only with NOC),14.29,km,"Sardar Vallabhbhai Patel International Airport (VAAH; airport, scheduled flights)",,conditional,"aerodromes from OSM (airports, airbases, airstrips; not abandoned), distance to the aerodrome reference point (OurAirports); < 10 km = breach; 10-20 km = allowed only with a NOC (conditional)",12.07,conditional,distance to the nearest aerodrome boundary (OSM polygon),,,,,,"airport, scheduled flights",,,,
AHM-02,Ahmedabad LF-2,2026,8.17,R8,Flood plain (100-year),not permitted,0.0,% of outline in 100-yr flood extent,overlap 0.00 ha; nearest flooded cell 137.1 m; max depth under outline 0.0 m,,ok,"JRC/Copernicus global river flood hazard map v2.1.2, 100-year return period, 90 m; >= 10% of outline = breach, 0-10% = edge overlap (check)",,,,,,,,,,0.0,137.1,0.0,
AHM-02,Ahmedabad LF-2,2026,8.17,R9,Coastal Regulation Zone,not permitted,,m,no coastline within 2.5 km; no tidal feature within 2.5 km,,ok,SCREENING: within 500 m of the OSM coastline or 50 m of OSM tidal features (CRZ Notification 2019); official CZMP High Tide Line maps not used,,,,,,,,,,,,,
AHM-02,Ahmedabad LF-2,2026,8.17,R10,Wetland,not permitted,3259.8,m,wetland: unspecified,,ok,"OSM natural=wetland (incl. mangrove, marsh, tidal flat, salt marsh); breach = outline overlaps it",,,,,,,,,,,,,
AHM-02,Ahmedabad LF-2,2026,8.17,R11,Critical habitat / eco-fragile area,not permitted,84.65,km,Wild Ass WLS,,ok,"OSM protected areas (national parks, sanctuaries, reserves) in Gujarat; inside or < 1 km (minimum ESZ, SC order 3 June 2022) = breach; 1-10 km = check the notified ESZ (10 km default, MoEFCC 2011)",,,,,,,,,,,,,
AHM-02,Ahmedabad LF-2,2026,8.17,R12,In town-planning land-use plan,required,,,not tagged as landfill in OSM,,not assessable,needs the town-planning Development Plan / TP scheme maps; not available as open GIS data,,,,,,,,,,,,,
AHM-02,Ahmedabad LF-2,2016,8.44,R1,River,100 m,1117.9,m,Sabarmati River (unnamed OSM part),0.0,ok,OSM waterway=river / river water areas,,,,,,,,,,,,,
AHM-02,Ahmedabad LF-2,2016,8.44,R2,Pond,200 m,1152.2,m,"unnamed water body (basin, 8.5 ha)",0.0,ok,"OSM natural=water (pond/lake/reservoir/unspecified) and landuse=reservoir/basin, >= 100 m2",,,,,,,,,,,,,
AHM-02,Ahmedabad LF-2,2016,8.44,R3,Highway (NH / SH),200 m,281.6,m,Narol Sarkhej Road (primary),0.0,ok,"OSM motorway/trunk/primary (OSM India: trunk = NH, primary = SH) or ref NH/SH",349.5,ok,strict: only motorway/trunk or roads with an NH/SH ref,"SH142 (primary, SH142)",,,,,,,,,
AHM-02,Ahmedabad LF-2,2016,8.44,R4,Habitation,200 m,24.4,m,268 residential buildings within 200 m (of 277 buildings); nearest building 24.4 m,268.0,ok,"Overture buildings outside the dumpsite (+20 m), not circular tanks, outside OSM industrial / commercial / plant / landfill land, on a GHSL-2018 residential cell; >= 5 = breach; imagery review 'uncertain' -> check",,,,,breach,not residential,"student imagery check 26 Sep: structures within 200 m are not dwellings (Pirana STP to the west, sheds north and south-east)",1612.9,,,,,
AHM-02,Ahmedabad LF-2,2016,8.44,R5,Public park,200 m,2476.6,m,Riverfront Biodiversity Park,0.0,ok,OSM leisure=park / recreation_ground,,,,,,,,,,,,,
AHM-02,Ahmedabad LF-2,2016,8.44,R6,Water-supply well,200 m,,m,no public map of water-supply wells,,not assessable,no complete open dataset of water-supply wells; OSM man_made=water_well shown for information only,,,,,,,,,,,,,
AHM-02,Ahmedabad LF-2,2016,8.44,R7,Airport / airbase,20 km (10-20 km only with NOC),14.1,km,"Sardar Vallabhbhai Patel International Airport (VAAH; airport, scheduled flights)",,conditional,"aerodromes from OSM (airports, airbases, airstrips; not abandoned), distance to the aerodrome reference point (OurAirports); < 10 km = breach; 10-20 km = allowed only with a NOC (conditional)",11.89,conditional,distance to the nearest aerodrome boundary (OSM polygon),,,,,,"airport, scheduled flights",,,,
AHM-02,Ahmedabad LF-2,2016,8.44,R8,Flood plain (100-year),not permitted,0.2,% of outline in 100-yr flood extent,overlap 0.02 ha; nearest flooded cell 0.0 m; max depth under outline 0.9 m,,check,"JRC/Copernicus global river flood hazard map v2.1.2, 100-year return period, 90 m; >= 10% of outline = breach, 0-10% = edge overlap (check)",,,,,,,,,,0.02,0.0,0.87,
AHM-02,Ahmedabad LF-2,2016,8.44,R9,Coastal Regulation Zone,not permitted,,m,no coastline within 2.5 km; no tidal feature within 2.5 km,,ok,SCREENING: within 500 m of the OSM coastline or 50 m of OSM tidal features (CRZ Notification 2019); official CZMP High Tide Line maps not used,,,,,,,,,,,,,
AHM-02,Ahmedabad LF-2,2016,8.44,R10,Wetland,not permitted,3013.7,m,wetland: unspecified,,ok,"OSM natural=wetland (incl. mangrove, marsh, tidal flat, salt marsh); breach = outline overlaps it",,,,,,,,,,,,,
AHM-02,Ahmedabad LF-2,2016,8.44,R11,Critical habitat / eco-fragile area,not permitted,84.67,km,Wild Ass WLS,,ok,"OSM protected areas (national parks, sanctuaries, reserves) in Gujarat; inside or < 1 km (minimum ESZ, SC order 3 June 2022) = breach; 1-10 km = check the notified ESZ (10 km default, MoEFCC 2011)",,,,,,,,,,,,,
AHM-02,Ahmedabad LF-2,2016,8.44,R12,In town-planning land-use plan,required,,,not tagged as landfill in OSM,,not assessable,needs the town-planning Development Plan / TP scheme maps; not available as open GIS data,,,,,,,,,,,,,
AHM-03,Ahmedabad LF-3,2026,8.54,R1,River,100 m,645.5,m,Sabarmati River (unnamed OSM part),0.0,ok,OSM waterway=river / river water areas,,,,,,,,,,,,,
AHM-03,Ahmedabad LF-3,2026,8.54,R2,Pond,200 m,,m,none within 2.5 km,0.0,ok,"OSM natural=water (pond/lake/reservoir/unspecified) and landuse=reservoir/basin, >= 100 m2; 1 water body(ies) lying mostly inside the dump ignored",,,,,,,,,,,,,
AHM-03,Ahmedabad LF-3,2026,8.54,R3,Highway (NH / SH),200 m,699.5,m,"SH142 (primary, SH142)",0.0,ok,"OSM motorway/trunk/primary (OSM India: trunk = NH, primary = SH) or ref NH/SH",699.5,ok,strict: only motorway/trunk or roads with an NH/SH ref,"SH142 (primary, SH142)",,,,,,,,,
AHM-03,Ahmedabad LF-3,2026,8.54,R4,Habitation,200 m,44.8,m,146 residential buildings within 200 m (of 150 buildings); nearest building 44.8 m,146.0,ok,"Overture buildings outside the dumpsite (+20 m), not circular tanks, outside OSM industrial / commercial / plant / landfill land, on a GHSL-2018 residential cell; >= 5 = breach; imagery review 'uncertain' -> check",,,,,breach,not residential,student imagery check 26 Sep: structures in the walled yard just north are not dwellings (waste-handling / scrap yard),2845.4,,,,,
AHM-03,Ahmedabad LF-3,2026,8.54,R5,Public park,200 m,,m,none within 2.5 km,0.0,ok,OSM leisure=park / recreation_ground,,,,,,,,,,,,,
AHM-03,Ahmedabad LF-3,2026,8.54,R6,Water-supply well,200 m,,m,no public map of water-supply wells,,not assessable,no complete open dataset of water-supply wells; OSM man_made=water_well shown for information only,,,,,,,,,,,,,
AHM-03,Ahmedabad LF-3,2026,8.54,R7,Airport / airbase,20 km (10-20 km only with NOC),15.57,km,"Sardar Vallabhbhai Patel International Airport (VAAH; airport, scheduled flights)",,conditional,"aerodromes from OSM (airports, airbases, airstrips; not abandoned), distance to the aerodrome reference point (OurAirports); < 10 km = breach; 10-20 km = allowed only with a NOC (conditional)",13.35,conditional,distance to the nearest aerodrome boundary (OSM polygon),,,,,,"airport, scheduled flights",,,,
AHM-03,Ahmedabad LF-3,2026,8.54,R8,Flood plain (100-year),not permitted,0.0,% of outline in 100-yr flood extent,overlap 0.00 ha; nearest flooded cell 29.1 m; max depth under outline 0.0 m,,ok,"JRC/Copernicus global river flood hazard map v2.1.2, 100-year return period, 90 m; >= 10% of outline = breach, 0-10% = edge overlap (check)",,,,,,,,,,0.0,29.1,0.0,
AHM-03,Ahmedabad LF-3,2026,8.54,R9,Coastal Regulation Zone,not permitted,,m,no coastline within 2.5 km; no tidal feature within 2.5 km,,ok,SCREENING: within 500 m of the OSM coastline or 50 m of OSM tidal features (CRZ Notification 2019); official CZMP High Tide Line maps not used,,,,,,,,,,,,,
AHM-03,Ahmedabad LF-3,2026,8.54,R10,Wetland,not permitted,,m,none within 2.5 km,,ok,"OSM natural=wetland (incl. mangrove, marsh, tidal flat, salt marsh); breach = outline overlaps it",,,,,,,,,,,,,
AHM-03,Ahmedabad LF-3,2026,8.54,R11,Critical habitat / eco-fragile area,not permitted,84.42,km,Wild Ass WLS,,ok,"OSM protected areas (national parks, sanctuaries, reserves) in Gujarat; inside or < 1 km (minimum ESZ, SC order 3 June 2022) = breach; 1-10 km = check the notified ESZ (10 km default, MoEFCC 2011)",,,,,,,,,,,,,
AHM-03,Ahmedabad LF-3,2026,8.54,R12,In town-planning land-use plan,required,,,not tagged as landfill in OSM,,not assessable,needs the town-planning Development Plan / TP scheme maps; not available as open GIS data,,,,,,,,,,,,,
AHM-03,Ahmedabad LF-3,2016,3.1,R1,River,100 m,704.5,m,Sabarmati River (unnamed OSM part),0.0,ok,OSM waterway=river / river water areas,,,,,,,,,,,,,
AHM-03,Ahmedabad LF-3,2016,3.1,R2,Pond,200 m,,m,none within 2.5 km,0.0,ok,"OSM natural=water (pond/lake/reservoir/unspecified) and landuse=reservoir/basin, >= 100 m2; 1 water body(ies) lying mostly inside the dump ignored",,,,,,,,,,,,,
AHM-03,Ahmedabad LF-3,2016,3.1,R3,Highway (NH / SH),200 m,741.2,m,"SH142 (primary, SH142)",0.0,ok,"OSM motorway/trunk/primary (OSM India: trunk = NH, primary = SH) or ref NH/SH",741.2,ok,strict: only motorway/trunk or roads with an NH/SH ref,"SH142 (primary, SH142)",,,,,,,,,
AHM-03,Ahmedabad LF-3,2016,3.1,R4,Habitation,200 m,139.4,m,74 residential buildings within 200 m (of 74 buildings); nearest building 139.4 m,74.0,ok,"Overture buildings outside the dumpsite (+20 m), not circular tanks, outside OSM industrial / commercial / plant / landfill land, on a GHSL-2018 residential cell; >= 5 = breach; imagery review 'uncertain' -> check",,,,,breach,not residential,student imagery check 26 Sep: structures in the walled yard just north are not dwellings (waste-handling / scrap yard),2940.7,,,,,
AHM-03,Ahmedabad LF-3,2016,3.1,R5,Public park,200 m,,m,none within 2.5 km,0.0,ok,OSM leisure=park / recreation_ground,,,,,,,,,,,,,
AHM-03,Ahmedabad LF-3,2016,3.1,R6,Water-supply well,200 m,,m,no public map of water-supply wells,,not assessable,no complete open dataset of water-supply wells; OSM man_made=water_well shown for information only,,,,,,,,,,,,,
AHM-03,Ahmedabad LF-3,2016,3.1,R7,Airport / airbase,20 km (10-20 km only with NOC),15.67,km,"Sardar Vallabhbhai Patel International Airport (VAAH; airport, scheduled flights)",,conditional,"aerodromes from OSM (airports, airbases, airstrips; not abandoned), distance to the aerodrome reference point (OurAirports); < 10 km = breach; 10-20 km = allowed only with a NOC (conditional)",13.45,conditional,distance to the nearest aerodrome boundary (OSM polygon),,,,,,"airport, scheduled flights",,,,
AHM-03,Ahmedabad LF-3,2016,3.1,R8,Flood plain (100-year),not permitted,0.0,% of outline in 100-yr flood extent,overlap 0.00 ha; nearest flooded cell 71.6 m; max depth under outline 0.0 m,,ok,"JRC/Copernicus global river flood hazard map v2.1.2, 100-year return period, 90 m; >= 10% of outline = breach, 0-10% = edge overlap (check)",,,,,,,,,,0.0,71.6,0.0,
AHM-03,Ahmedabad LF-3,2016,3.1,R9,Coastal Regulation Zone,not permitted,,m,no coastline within 2.5 km; no tidal feature within 2.5 km,,ok,SCREENING: within 500 m of the OSM coastline or 50 m of OSM tidal features (CRZ Notification 2019); official CZMP High Tide Line maps not used,,,,,,,,,,,,,
AHM-03,Ahmedabad LF-3,2016,3.1,R10,Wetland,not permitted,,m,none within 2.5 km,,ok,"OSM natural=wetland (incl. mangrove, marsh, tidal flat, salt marsh); breach = outline overlaps it",,,,,,,,,,,,,
AHM-03,Ahmedabad LF-3,2016,3.1,R11,Critical habitat / eco-fragile area,not permitted,84.47,km,Wild Ass WLS,,ok,"OSM protected areas (national parks, sanctuaries, reserves) in Gujarat; inside or < 1 km (minimum ESZ, SC order 3 June 2022) = breach; 1-10 km = check the notified ESZ (10 km default, MoEFCC 2011)",,,,,,,,,,,,,
AHM-03,Ahmedabad LF-3,2016,3.1,R12,In town-planning land-use plan,required,,,not tagged as landfill in OSM,,not assessable,needs the town-planning Development Plan / TP scheme maps; not available as open GIS data,,,,,,,,,,,,,
BHJ-01,Bhuj LF-1,2026,6.65,R1,River,100 m,2128.9,m,Pat,0.0,ok,OSM waterway=river / river water areas,,,,,,,,,,,,,
BHJ-01,Bhuj LF-1,2026,6.65,R2,Pond,200 m,1950.8,m,Dsalsar Lake,0.0,ok,"OSM natural=water (pond/lake/reservoir/unspecified) and landuse=reservoir/basin, >= 100 m2",,,,,,,,,,,,,
BHJ-01,Bhuj LF-1,2026,6.65,R3,Highway (NH / SH),200 m,30.4,m,"SH__ (primary, SH__)",1.0,breach,"OSM motorway/trunk/primary (OSM India: trunk = NH, primary = SH) or ref NH/SH",30.4,breach,strict: only motorway/trunk or roads with an NH/SH ref,"SH__ (primary, SH__)",,,,,,,,,
BHJ-01,Bhuj LF-1,2026,6.65,R4,Habitation,200 m,27.7,m,140 residential buildings within 200 m (of 161 buildings); nearest building 27.7 m,140.0,breach,"Overture buildings outside the dumpsite (+20 m), not circular tanks, outside OSM industrial / commercial / plant / landfill land, on a GHSL-2018 residential cell; >= 5 = breach; imagery review 'uncertain' -> check",,,,,breach,confirmed,houses of the residential area to the south,0.0,,,,,
BHJ-01,Bhuj LF-1,2026,6.65,R5,Public park,200 m,3180.0,m,Indrabai Park,0.0,ok,OSM leisure=park / recreation_ground,,,,,,,,,,,,,
BHJ-01,Bhuj LF-1,2026,6.65,R6,Water-supply well,200 m,,m,no public map of water-supply wells,,not assessable,no complete open dataset of water-supply wells; OSM man_made=water_well shown for information only,,,,,,,,,,,,,
BHJ-01,Bhuj LF-1,2026,6.65,R7,Airport / airbase,20 km (10-20 km only with NOC),3.59,km,"Bhuj Rudra Mata Air Force Base (VABJ; airport, scheduled flights; military use)",,breach,"aerodromes from OSM (airports, airbases, airstrips; not abandoned), distance to the aerodrome reference point (OurAirports); < 10 km = breach; 10-20 km = allowed only with a NOC (conditional)",3.31,breach,distance to the nearest aerodrome boundary (OSM polygon),,,,,,"airport, scheduled flights; military use",,,,
BHJ-01,Bhuj LF-1,2026,6.65,R8,Flood plain (100-year),not permitted,0.0,% of outline in 100-yr flood extent,overlap 0.00 ha; nearest flooded cell 1978.7 m; max depth under outline 0.0 m,,ok,"JRC/Copernicus global river flood hazard map v2.1.2, 100-year return period, 90 m; >= 10% of outline = breach, 0-10% = edge overlap (check)",,,,,,,,,,0.0,1978.7,0.0,
BHJ-01,Bhuj LF-1,2026,6.65,R9,Coastal Regulation Zone,not permitted,,m,no coastline within 2.5 km; no tidal feature within 2.5 km,,ok,SCREENING: within 500 m of the OSM coastline or 50 m of OSM tidal features (CRZ Notification 2019); official CZMP High Tide Line maps not used,,,,,,,,,,,,,
BHJ-01,Bhuj LF-1,2026,6.65,R10,Wetland,not permitted,,m,none within 2.5 km,,ok,"OSM natural=wetland (incl. mangrove, marsh, tidal flat, salt marsh); breach = outline overlaps it",,,,,,,,,,,,,
BHJ-01,Bhuj LF-1,2026,6.65,R11,Critical habitat / eco-fragile area,not permitted,25.73,km,Kachchh Desert WLS,,ok,"OSM protected areas (national parks, sanctuaries, reserves) in Gujarat; inside or < 1 km (minimum ESZ, SC order 3 June 2022) = breach; 1-10 km = check the notified ESZ (10 km default, MoEFCC 2011)",,,,,,,,,,,,,
BHJ-01,Bhuj LF-1,2026,6.65,R12,In town-planning land-use plan,required,,,not tagged as landfill in OSM,,not assessable,needs the town-planning Development Plan / TP scheme maps; not available as open GIS data,,,,,,,,,,,,,
BHJ-01,Bhuj LF-1,2016,4.95,R1,River,100 m,2153.2,m,Pat,0.0,ok,OSM waterway=river / river water areas,,,,,,,,,,,,,
BHJ-01,Bhuj LF-1,2016,4.95,R2,Pond,200 m,1859.7,m,Dsalsar Lake,0.0,ok,"OSM natural=water (pond/lake/reservoir/unspecified) and landuse=reservoir/basin, >= 100 m2",,,,,,,,,,,,,
BHJ-01,Bhuj LF-1,2016,4.95,R3,Highway (NH / SH),200 m,4.7,m,"SH__ (primary, SH__)",1.0,breach,"OSM motorway/trunk/primary (OSM India: trunk = NH, primary = SH) or ref NH/SH",4.7,breach,strict: only motorway/trunk or roads with an NH/SH ref,"SH__ (primary, SH__)",,,,,,,,,
BHJ-01,Bhuj LF-1,2016,4.95,R4,Habitation,200 m,26.3,m,154 residential buildings within 200 m (of 176 buildings); nearest building 26.3 m,154.0,breach,"Overture buildings outside the dumpsite (+20 m), not circular tanks, outside OSM industrial / commercial / plant / landfill land, on a GHSL-2018 residential cell; >= 5 = breach; imagery review 'uncertain' -> check",,,,,breach,confirmed,houses of the residential area to the south,49.3,,,,,
BHJ-01,Bhuj LF-1,2016,4.95,R5,Public park,200 m,3098.2,m,Indrabai Park,0.0,ok,OSM leisure=park / recreation_ground,,,,,,,,,,,,,
BHJ-01,Bhuj LF-1,2016,4.95,R6,Water-supply well,200 m,,m,no public map of water-supply wells,,not assessable,no complete open dataset of water-supply wells; OSM man_made=water_well shown for information only,,,,,,,,,,,,,
BHJ-01,Bhuj LF-1,2016,4.95,R7,Airport / airbase,20 km (10-20 km only with NOC),3.55,km,"Bhuj Rudra Mata Air Force Base (VABJ; airport, scheduled flights; military use)",,breach,"aerodromes from OSM (airports, airbases, airstrips; not abandoned), distance to the aerodrome reference point (OurAirports); < 10 km = breach; 10-20 km = allowed only with a NOC (conditional)",3.27,breach,distance to the nearest aerodrome boundary (OSM polygon),,,,,,"airport, scheduled flights; military use",,,,
BHJ-01,Bhuj LF-1,2016,4.95,R8,Flood plain (100-year),not permitted,0.0,% of outline in 100-yr flood extent,overlap 0.00 ha; nearest flooded cell 1883.3 m; max depth under outline 0.0 m,,ok,"JRC/Copernicus global river flood hazard map v2.1.2, 100-year return period, 90 m; >= 10% of outline = breach, 0-10% = edge overlap (check)",,,,,,,,,,0.0,1883.3,0.0,
BHJ-01,Bhuj LF-1,2016,4.95,R9,Coastal Regulation Zone,not permitted,,m,no coastline within 2.5 km; no tidal feature within 2.5 km,,ok,SCREENING: within 500 m of the OSM coastline or 50 m of OSM tidal features (CRZ Notification 2019); official CZMP High Tide Line maps not used,,,,,,,,,,,,,
BHJ-01,Bhuj LF-1,2016,4.95,R10,Wetland,not permitted,,m,none within 2.5 km,,ok,"OSM natural=wetland (incl. mangrove, marsh, tidal flat, salt marsh); breach = outline overlaps it",,,,,,,,,,,,,
BHJ-01,Bhuj LF-1,2016,4.95,R11,Critical habitat / eco-fragile area,not permitted,25.75,km,Kachchh Desert WLS,,ok,"OSM protected areas (national parks, sanctuaries, reserves) in Gujarat; inside or < 1 km (minimum ESZ, SC order 3 June 2022) = breach; 1-10 km = check the notified ESZ (10 km default, MoEFCC 2011)",,,,,,,,,,,,,
BHJ-01,Bhuj LF-1,2016,4.95,R12,In town-planning land-use plan,required,,,not tagged as landfill in OSM,,not assessable,needs the town-planning Development Plan / TP scheme maps; not available as open GIS data,,,,,,,,,,,,,
BHV-01,Bhavnagar LF-1,2026,14.77,R1,River,100 m,2210.6,m,unnamed river (OSM),0.0,ok,OSM waterway=river / river water areas,,,,,,,,,,,,,
BHV-01,Bhavnagar LF-1,2026,14.77,R2,Pond,200 m,2560.8,m,"unnamed water body (reservoir, 4.7 ha)",0.0,ok,"OSM natural=water (pond/lake/reservoir/unspecified) and landuse=reservoir/basin, >= 100 m2",,,,,,,,,,,,,
BHV-01,Bhavnagar LF-1,2026,14.77,R3,Highway (NH / SH),200 m,1698.0,m,"Ahmedabad–Dholera Expressway (motorway, NH751)",0.0,ok,"OSM motorway/trunk/primary (OSM India: trunk = NH, primary = SH) or ref NH/SH",1698.0,ok,strict: only motorway/trunk or roads with an NH/SH ref,"Ahmedabad–Dholera Expressway (motorway, NH751)",,,,,,,,,
BHV-01,Bhavnagar LF-1,2026,14.77,R4,Habitation,200 m,147.4,m,0 residential buildings within 200 m (of 1 buildings); nearest building 147.4 m,0.0,ok,"Overture buildings outside the dumpsite (+20 m), not circular tanks, outside OSM industrial / commercial / plant / landfill land, on a GHSL-2018 residential cell; >= 5 = breach; imagery review 'uncertain' -> check",,,,,ok,none,no buildings inside the 200 m ring,2403.6,,,,,
BHV-01,Bhavnagar LF-1,2026,14.77,R5,Public park,200 m,,m,none within 2.5 km,0.0,ok,OSM leisure=park / recreation_ground,,,,,,,,,,,,,
BHV-01,Bhavnagar LF-1,2026,14.77,R6,Water-supply well,200 m,,m,no public map of water-supply wells,,not assessable,no complete open dataset of water-supply wells; OSM man_made=water_well shown for information only,,,,,,,,,,,,,
BHV-01,Bhavnagar LF-1,2026,14.77,R7,Airport / airbase,20 km (10-20 km only with NOC),10.72,km,"Bhavnagar Airport (VABV; airport, scheduled flights)",,conditional,"aerodromes from OSM (airports, airbases, airstrips; not abandoned), distance to the aerodrome reference point (OurAirports); < 10 km = breach; 10-20 km = allowed only with a NOC (conditional)",10.01,conditional,distance to the nearest aerodrome boundary (OSM polygon),,,,,,"airport, scheduled flights",,,,
BHV-01,Bhavnagar LF-1,2026,14.77,R8,Flood plain (100-year),not permitted,100.0,% of outline in 100-yr flood extent,overlap 14.77 ha; nearest flooded cell 0.0 m; max depth under outline 1.7 m,,breach,"JRC/Copernicus global river flood hazard map v2.1.2, 100-year return period, 90 m; >= 10% of outline = breach, 0-10% = edge overlap (check)",,,,,,,,,,14.77,0.0,1.73,
BHV-01,Bhavnagar LF-1,2026,14.77,R9,Coastal Regulation Zone,not permitted,996.1,m,no coastline within 2.5 km; tidal feature 996.1 m,,ok,SCREENING: within 500 m of the OSM coastline or 50 m of OSM tidal features (CRZ Notification 2019); official CZMP High Tide Line maps not used,,,,,,,,,,,,,
BHV-01,Bhavnagar LF-1,2026,14.77,R10,Wetland,not permitted,996.1,m,wetland: saltmarsh,,ok,"OSM natural=wetland (incl. mangrove, marsh, tidal flat, salt marsh); breach = outline overlaps it",,,,,,,,,,,,,
BHV-01,Bhavnagar LF-1,2026,14.77,R11,Critical habitat / eco-fragile area,not permitted,22.6,km,Blackbuck National Park Velavadar,,ok,"OSM protected areas (national parks, sanctuaries, reserves) in Gujarat; inside or < 1 km (minimum ESZ, SC order 3 June 2022) = breach; 1-10 km = check the notified ESZ (10 km default, MoEFCC 2011)",,,,,,,,,,,,,Victoria Nature Park at 5.62 km
BHV-01,Bhavnagar LF-1,2026,14.77,R12,In town-planning land-use plan,required,,,not tagged as landfill in OSM,,not assessable,needs the town-planning Development Plan / TP scheme maps; not available as open GIS data,,,,,,,,,,,,,
BHV-01,Bhavnagar LF-1,2016,3.7,R1,River,100 m,2511.6,m,unnamed river (OSM),0.0,ok,OSM waterway=river / river water areas,,,,,,,,,,,,,
BHV-01,Bhavnagar LF-1,2016,3.7,R2,Pond,200 m,2662.0,m,"unnamed water body (reservoir, 4.7 ha)",0.0,ok,"OSM natural=water (pond/lake/reservoir/unspecified) and landuse=reservoir/basin, >= 100 m2",,,,,,,,,,,,,
BHV-01,Bhavnagar LF-1,2016,3.7,R3,Highway (NH / SH),200 m,1879.3,m,"Ahmedabad–Dholera Expressway (motorway, NH751)",0.0,ok,"OSM motorway/trunk/primary (OSM India: trunk = NH, primary = SH) or ref NH/SH",1879.3,ok,strict: only motorway/trunk or roads with an NH/SH ref,"Ahmedabad–Dholera Expressway (motorway, NH751)",,,,,,,,,
BHV-01,Bhavnagar LF-1,2016,3.7,R4,Habitation,200 m,94.0,m,0 residential buildings within 200 m (of 1 buildings); nearest building 94.0 m,0.0,ok,"Overture buildings outside the dumpsite (+20 m), not circular tanks, outside OSM industrial / commercial / plant / landfill land, on a GHSL-2018 residential cell; >= 5 = breach; imagery review 'uncertain' -> check",,,,,ok,none,no buildings inside the 200 m ring,2534.8,,,,,
BHV-01,Bhavnagar LF-1,2016,3.7,R5,Public park,200 m,,m,none within 2.5 km,0.0,ok,OSM leisure=park / recreation_ground,,,,,,,,,,,,,
BHV-01,Bhavnagar LF-1,2016,3.7,R6,Water-supply well,200 m,,m,no public map of water-supply wells,,not assessable,no complete open dataset of water-supply wells; OSM man_made=water_well shown for information only,,,,,,,,,,,,,
BHV-01,Bhavnagar LF-1,2016,3.7,R7,Airport / airbase,20 km (10-20 km only with NOC),10.67,km,"Bhavnagar Airport (VABV; airport, scheduled flights)",,conditional,"aerodromes from OSM (airports, airbases, airstrips; not abandoned), distance to the aerodrome reference point (OurAirports); < 10 km = breach; 10-20 km = allowed only with a NOC (conditional)",9.95,breach,distance to the nearest aerodrome boundary (OSM polygon),,,,,,"airport, scheduled flights",,,,
BHV-01,Bhavnagar LF-1,2016,3.7,R8,Flood plain (100-year),not permitted,100.0,% of outline in 100-yr flood extent,overlap 3.70 ha; nearest flooded cell 0.0 m; max depth under outline 1.7 m,,breach,"JRC/Copernicus global river flood hazard map v2.1.2, 100-year return period, 90 m; >= 10% of outline = breach, 0-10% = edge overlap (check)",,,,,,,,,,3.7,0.0,1.72,
BHV-01,Bhavnagar LF-1,2016,3.7,R9,Coastal Regulation Zone,not permitted,962.5,m,no coastline within 2.5 km; tidal feature 962.5 m,,ok,SCREENING: within 500 m of the OSM coastline or 50 m of OSM tidal features (CRZ Notification 2019); official CZMP High Tide Line maps not used,,,,,,,,,,,,,
BHV-01,Bhavnagar LF-1,2016,3.7,R10,Wetland,not permitted,962.5,m,wetland: saltmarsh,,ok,"OSM natural=wetland (incl. mangrove, marsh, tidal flat, salt marsh); breach = outline overlaps it",,,,,,,,,,,,,
BHV-01,Bhavnagar LF-1,2016,3.7,R11,Critical habitat / eco-fragile area,not permitted,22.98,km,Blackbuck National Park Velavadar,,ok,"OSM protected areas (national parks, sanctuaries, reserves) in Gujarat; inside or < 1 km (minimum ESZ, SC order 3 June 2022) = breach; 1-10 km = check the notified ESZ (10 km default, MoEFCC 2011)",,,,,,,,,,,,,
BHV-01,Bhavnagar LF-1,2016,3.7,R12,In town-planning land-use plan,required,,,not tagged as landfill in OSM,,not assessable,needs the town-planning Development Plan / TP scheme maps; not available as open GIS data,,,,,,,,,,,,,
GNR-01,Gandhinagar LF-1,2026,12.57,R1,River,100 m,2.2,m,Sabarmati (unnamed OSM part),1.0,breach,OSM waterway=river / river water areas,,,,,,,,,,,,,
GNR-01,Gandhinagar LF-1,2026,12.57,R2,Pond,200 m,,m,none within 2.5 km,0.0,ok,"OSM natural=water (pond/lake/reservoir/unspecified) and landuse=reservoir/basin, >= 100 m2",,,,,,,,,,,,,
GNR-01,Gandhinagar LF-1,2026,12.57,R3,Highway (NH / SH),200 m,576.7,m,"NH147 (trunk, NH147)",0.0,ok,"OSM motorway/trunk/primary (OSM India: trunk = NH, primary = SH) or ref NH/SH",576.7,ok,strict: only motorway/trunk or roads with an NH/SH ref,"NH147 (trunk, NH147)",,,,,,,,,
GNR-01,Gandhinagar LF-1,2026,12.57,R4,Habitation,200 m,20.5,m,223 residential buildings within 200 m (of 235 buildings); nearest building 20.5 m,223.0,breach,"Overture buildings outside the dumpsite (+20 m), not circular tanks, outside OSM industrial / commercial / plant / landfill land, on a GHSL-2018 residential cell; >= 5 = breach; imagery review 'uncertain' -> check",,,,,breach,confirmed,dense cluster of small dwellings along the west edge,163.1,,,,,
GNR-01,Gandhinagar LF-1,2026,12.57,R5,Public park,200 m,1373.0,m,Sector 30 Park,0.0,ok,OSM leisure=park / recreation_ground,,,,,,,,,,,,,
GNR-01,Gandhinagar LF-1,2026,12.57,R6,Water-supply well,200 m,823.9,m,OSM-mapped well at 823.9 m (mapping incomplete),,not assessable,no complete open dataset of water-supply wells; OSM man_made=water_well shown for information only,,,,,,,,,,,,,
GNR-01,Gandhinagar LF-1,2026,12.57,R7,Airport / airbase,20 km (10-20 km only with NOC),19.59,km,"Sardar Vallabhbhai Patel International Airport (VAAH; airport, scheduled flights)",,conditional,"aerodromes from OSM (airports, airbases, airstrips; not abandoned), distance to the aerodrome reference point (OurAirports); < 10 km = breach; 10-20 km = allowed only with a NOC (conditional)",17.69,conditional,distance to the nearest aerodrome boundary (OSM polygon),,,,,,"airport, scheduled flights",,,,
GNR-01,Gandhinagar LF-1,2026,12.57,R8,Flood plain (100-year),not permitted,12.2,% of outline in 100-yr flood extent,overlap 1.53 ha; nearest flooded cell 0.0 m; max depth under outline 12.3 m,,breach,"JRC/Copernicus global river flood hazard map v2.1.2, 100-year return period, 90 m; >= 10% of outline = breach, 0-10% = edge overlap (check)",,,,,,,,,,1.53,0.0,12.33,
GNR-01,Gandhinagar LF-1,2026,12.57,R9,Coastal Regulation Zone,not permitted,,m,no coastline within 2.5 km; no tidal feature within 2.5 km,,ok,SCREENING: within 500 m of the OSM coastline or 50 m of OSM tidal features (CRZ Notification 2019); official CZMP High Tide Line maps not used,,,,,,,,,,,,,
GNR-01,Gandhinagar LF-1,2026,12.57,R10,Wetland,not permitted,,m,none within 2.5 km,,ok,"OSM natural=wetland (incl. mangrove, marsh, tidal flat, salt marsh); breach = outline overlaps it",,,,,,,,,,,,,
GNR-01,Gandhinagar LF-1,2026,12.57,R11,Critical habitat / eco-fragile area,not permitted,96.25,km,Wild Ass WLS,,ok,"OSM protected areas (national parks, sanctuaries, reserves) in Gujarat; inside or < 1 km (minimum ESZ, SC order 3 June 2022) = breach; 1-10 km = check the notified ESZ (10 km default, MoEFCC 2011)",,,,,,,,,,,,,
GNR-01,Gandhinagar LF-1,2026,12.57,R12,In town-planning land-use plan,required,,,not tagged as landfill in OSM,,not assessable,needs the town-planning Development Plan / TP scheme maps; not available as open GIS data,,,,,,,,,,,,,
GNR-01,Gandhinagar LF-1,2016,1.11,R1,River,100 m,19.6,m,Sabarmati (unnamed OSM part),1.0,breach,OSM waterway=river / river water areas,,,,,,,,,,,,,
GNR-01,Gandhinagar LF-1,2016,1.11,R2,Pond,200 m,,m,none within 2.5 km,0.0,ok,"OSM natural=water (pond/lake/reservoir/unspecified) and landuse=reservoir/basin, >= 100 m2",,,,,,,,,,,,,
GNR-01,Gandhinagar LF-1,2016,1.11,R3,Highway (NH / SH),200 m,398.8,m,"NH147 (trunk, NH147)",0.0,ok,"OSM motorway/trunk/primary (OSM India: trunk = NH, primary = SH) or ref NH/SH",398.8,ok,strict: only motorway/trunk or roads with an NH/SH ref,"NH147 (trunk, NH147)",,,,,,,,,
GNR-01,Gandhinagar LF-1,2016,1.11,R4,Habitation,200 m,23.3,m,37 residential buildings within 200 m (of 46 buildings); nearest building 23.3 m,37.0,breach,"Overture buildings outside the dumpsite (+20 m), not circular tanks, outside OSM industrial / commercial / plant / landfill land, on a GHSL-2018 residential cell; >= 5 = breach; imagery review 'uncertain' -> check",,,,,breach,confirmed,dense cluster of small dwellings along the west edge,804.6,,,,,
GNR-01,Gandhinagar LF-1,2016,1.11,R5,Public park,200 m,1268.9,m,Sector 30 Park,0.0,ok,OSM leisure=park / recreation_ground,,,,,,,,,,,,,
GNR-01,Gandhinagar LF-1,2016,1.11,R6,Water-supply well,200 m,655.4,m,OSM-mapped well at 655.4 m (mapping incomplete),,not assessable,no complete open dataset of water-supply wells; OSM man_made=water_well shown for information only,,,,,,,,,,,,,
GNR-01,Gandhinagar LF-1,2016,1.11,R7,Airport / airbase,20 km (10-20 km only with NOC),19.44,km,"Sardar Vallabhbhai Patel International Airport (VAAH; airport, scheduled flights)",,conditional,"aerodromes from OSM (airports, airbases, airstrips; not abandoned), distance to the aerodrome reference point (OurAirports); < 10 km = breach; 10-20 km = allowed only with a NOC (conditional)",17.54,conditional,distance to the nearest aerodrome boundary (OSM polygon),,,,,,"airport, scheduled flights",,,,
GNR-01,Gandhinagar LF-1,2016,1.11,R8,Flood plain (100-year),not permitted,0.0,% of outline in 100-yr flood extent,overlap 0.00 ha; nearest flooded cell 12.2 m; max depth under outline 0.0 m,,ok,"JRC/Copernicus global river flood hazard map v2.1.2, 100-year return period, 90 m; >= 10% of outline = breach, 0-10% = edge overlap (check)",,,,,,,,,,0.0,12.2,0.0,
GNR-01,Gandhinagar LF-1,2016,1.11,R9,Coastal Regulation Zone,not permitted,,m,no coastline within 2.5 km; no tidal feature within 2.5 km,,ok,SCREENING: within 500 m of the OSM coastline or 50 m of OSM tidal features (CRZ Notification 2019); official CZMP High Tide Line maps not used,,,,,,,,,,,,,
GNR-01,Gandhinagar LF-1,2016,1.11,R10,Wetland,not permitted,,m,none within 2.5 km,,ok,"OSM natural=wetland (incl. mangrove, marsh, tidal flat, salt marsh); breach = outline overlaps it",,,,,,,,,,,,,
GNR-01,Gandhinagar LF-1,2016,1.11,R11,Critical habitat / eco-fragile area,not permitted,96.42,km,Wild Ass WLS,,ok,"OSM protected areas (national parks, sanctuaries, reserves) in Gujarat; inside or < 1 km (minimum ESZ, SC order 3 June 2022) = breach; 1-10 km = check the notified ESZ (10 km default, MoEFCC 2011)",,,,,,,,,,,,,
GNR-01,Gandhinagar LF-1,2016,1.11,R12,In town-planning land-use plan,required,,,not tagged as landfill in OSM,,not assessable,needs the town-planning Development Plan / TP scheme maps; not available as open GIS data,,,,,,,,,,,,,
JAM-01,Jamnagar LF-1,2026,2.78,R1,River,100 m,1937.5,m,unnamed river (OSM),0.0,ok,OSM waterway=river / river water areas,,,,,,,,,,,,,
JAM-01,Jamnagar LF-1,2026,2.78,R2,Pond,200 m,,m,none within 2.5 km,0.0,ok,"OSM natural=water (pond/lake/reservoir/unspecified) and landuse=reservoir/basin, >= 100 m2",,,,,,,,,,,,,
JAM-01,Jamnagar LF-1,2026,2.78,R3,Highway (NH / SH),200 m,190.9,m,"Hapa Fly-over (primary, SH6)",1.0,breach,"OSM motorway/trunk/primary (OSM India: trunk = NH, primary = SH) or ref NH/SH",190.9,breach,strict: only motorway/trunk or roads with an NH/SH ref,"Hapa Fly-over (primary, SH6)",,,,,,,,,
JAM-01,Jamnagar LF-1,2026,2.78,R4,Habitation,200 m,24.9,m,83 residential buildings within 200 m (of 96 buildings); nearest building 24.9 m,83.0,breach,"Overture buildings outside the dumpsite (+20 m), not circular tanks, outside OSM industrial / commercial / plant / landfill land, on a GHSL-2018 residential cell; >= 5 = breach; imagery review 'uncertain' -> check",,,,,breach,confirmed,residential plots and houses to the south and west,36.9,,,,,
JAM-01,Jamnagar LF-1,2026,2.78,R5,Public park,200 m,,m,none within 2.5 km,0.0,ok,OSM leisure=park / recreation_ground,,,,,,,,,,,,,
JAM-01,Jamnagar LF-1,2026,2.78,R6,Water-supply well,200 m,,m,no public map of water-supply wells,,not assessable,no complete open dataset of water-supply wells; OSM man_made=water_well shown for information only,,,,,,,,,,,,,
JAM-01,Jamnagar LF-1,2026,2.78,R7,Airport / airbase,20 km (10-20 km only with NOC),9.67,km,"Jamnagar Airport (VAJM; airport, scheduled flights; military use)",,breach,"aerodromes from OSM (airports, airbases, airstrips; not abandoned), distance to the aerodrome reference point (OurAirports); < 10 km = breach; 10-20 km = allowed only with a NOC (conditional)",8.14,breach,distance to the nearest aerodrome boundary (OSM polygon),,,,,,"airport, scheduled flights; military use",,,,
JAM-01,Jamnagar LF-1,2026,2.78,R8,Flood plain (100-year),not permitted,0.0,% of outline in 100-yr flood extent,overlap 0.00 ha; nearest flooded cell 2451.8 m; max depth under outline 0.0 m,,ok,"JRC/Copernicus global river flood hazard map v2.1.2, 100-year return period, 90 m; >= 10% of outline = breach, 0-10% = edge overlap (check)",,,,,,,,,,0.0,2451.8,0.0,
JAM-01,Jamnagar LF-1,2026,2.78,R9,Coastal Regulation Zone,not permitted,,m,no coastline within 2.5 km; no tidal feature within 2.5 km,,ok,SCREENING: within 500 m of the OSM coastline or 50 m of OSM tidal features (CRZ Notification 2019); official CZMP High Tide Line maps not used,,,,,,,,,,,,,
JAM-01,Jamnagar LF-1,2026,2.78,R10,Wetland,not permitted,,m,none within 2.5 km,,ok,"OSM natural=wetland (incl. mangrove, marsh, tidal flat, salt marsh); breach = outline overlaps it",,,,,,,,,,,,,
JAM-01,Jamnagar LF-1,2026,2.78,R11,Critical habitat / eco-fragile area,not permitted,5.43,km,Khijadiya WLS,,check,"OSM protected areas (national parks, sanctuaries, reserves) in Gujarat; inside or < 1 km (minimum ESZ, SC order 3 June 2022) = breach; 1-10 km = check the notified ESZ (10 km default, MoEFCC 2011)",,,,,,,,,,,,,
JAM-01,Jamnagar LF-1,2026,2.78,R12,In town-planning land-use plan,required,,,not tagged as landfill in OSM,,not assessable,needs the town-planning Development Plan / TP scheme maps; not available as open GIS data,,,,,,,,,,,,,
JAM-01,Jamnagar LF-1,2016,1.55,R1,River,100 m,1963.7,m,unnamed river (OSM),0.0,ok,OSM waterway=river / river water areas,,,,,,,,,,,,,
JAM-01,Jamnagar LF-1,2016,1.55,R2,Pond,200 m,,m,none within 2.5 km,0.0,ok,"OSM natural=water (pond/lake/reservoir/unspecified) and landuse=reservoir/basin, >= 100 m2",,,,,,,,,,,,,
JAM-01,Jamnagar LF-1,2016,1.55,R3,Highway (NH / SH),200 m,253.0,m,"Hapa Fly-over (primary, SH6)",0.0,ok,"OSM motorway/trunk/primary (OSM India: trunk = NH, primary = SH) or ref NH/SH",253.0,ok,strict: only motorway/trunk or roads with an NH/SH ref,"Hapa Fly-over (primary, SH6)",,,,,,,,,
JAM-01,Jamnagar LF-1,2016,1.55,R4,Habitation,200 m,24.7,m,54 residential buildings within 200 m (of 67 buildings); nearest building 24.7 m,54.0,breach,"Overture buildings outside the dumpsite (+20 m), not circular tanks, outside OSM industrial / commercial / plant / landfill land, on a GHSL-2018 residential cell; >= 5 = breach; imagery review 'uncertain' -> check",,,,,breach,confirmed,residential plots and houses to the south and west,75.2,,,,,
JAM-01,Jamnagar LF-1,2016,1.55,R5,Public park,200 m,,m,none within 2.5 km,0.0,ok,OSM leisure=park / recreation_ground,,,,,,,,,,,,,
JAM-01,Jamnagar LF-1,2016,1.55,R6,Water-supply well,200 m,,m,no public map of water-supply wells,,not assessable,no complete open dataset of water-supply wells; OSM man_made=water_well shown for information only,,,,,,,,,,,,,
JAM-01,Jamnagar LF-1,2016,1.55,R7,Airport / airbase,20 km (10-20 km only with NOC),9.7,km,"Jamnagar Airport (VAJM; airport, scheduled flights; military use)",,breach,"aerodromes from OSM (airports, airbases, airstrips; not abandoned), distance to the aerodrome reference point (OurAirports); < 10 km = breach; 10-20 km = allowed only with a NOC (conditional)",8.18,breach,distance to the nearest aerodrome boundary (OSM polygon),,,,,,"airport, scheduled flights; military use",,,,
JAM-01,Jamnagar LF-1,2016,1.55,R8,Flood plain (100-year),not permitted,0.0,% of outline in 100-yr flood extent,overlap 0.00 ha; nearest flooded cell 2505.8 m; max depth under outline 0.0 m,,ok,"JRC/Copernicus global river flood hazard map v2.1.2, 100-year return period, 90 m; >= 10% of outline = breach, 0-10% = edge overlap (check)",,,,,,,,,,0.0,2505.8,0.0,
JAM-01,Jamnagar LF-1,2016,1.55,R9,Coastal Regulation Zone,not permitted,,m,no coastline within 2.5 km; no tidal feature within 2.5 km,,ok,SCREENING: within 500 m of the OSM coastline or 50 m of OSM tidal features (CRZ Notification 2019); official CZMP High Tide Line maps not used,,,,,,,,,,,,,
JAM-01,Jamnagar LF-1,2016,1.55,R10,Wetland,not permitted,,m,none within 2.5 km,,ok,"OSM natural=wetland (incl. mangrove, marsh, tidal flat, salt marsh); breach = outline overlaps it",,,,,,,,,,,,,
JAM-01,Jamnagar LF-1,2016,1.55,R11,Critical habitat / eco-fragile area,not permitted,5.41,km,Khijadiya WLS,,check,"OSM protected areas (national parks, sanctuaries, reserves) in Gujarat; inside or < 1 km (minimum ESZ, SC order 3 June 2022) = breach; 1-10 km = check the notified ESZ (10 km default, MoEFCC 2011)",,,,,,,,,,,,,
JAM-01,Jamnagar LF-1,2016,1.55,R12,In town-planning land-use plan,required,,,not tagged as landfill in OSM,,not assessable,needs the town-planning Development Plan / TP scheme maps; not available as open GIS data,,,,,,,,,,,,,
MEH-01,Mehsana LF-1,2026,2.77,R1,River,100 m,130.8,m,unnamed river (OSM),0.0,ok,OSM waterway=river / river water areas,,,,,,,,,,,,,
MEH-01,Mehsana LF-1,2026,2.77,R2,Pond,200 m,1424.4,m,Swami Vivekanand Lake,0.0,ok,"OSM natural=water (pond/lake/reservoir/unspecified) and landuse=reservoir/basin, >= 100 m2",,,,,,,,,,,,,
MEH-01,Mehsana LF-1,2026,2.77,R3,Highway (NH / SH),200 m,37.0,m,"Himatnagar link road sh-219 (tertiary, SH219)",1.0,breach,"OSM motorway/trunk/primary (OSM India: trunk = NH, primary = SH) or ref NH/SH",37.0,breach,strict: only motorway/trunk or roads with an NH/SH ref,"Himatnagar link road sh-219 (tertiary, SH219)",,,,,,,,,
MEH-01,Mehsana LF-1,2026,2.77,R4,Habitation,200 m,42.3,m,24 residential buildings within 200 m (of 46 buildings); nearest building 42.3 m,24.0,breach,"Overture buildings outside the dumpsite (+20 m), not circular tanks, outside OSM industrial / commercial / plant / landfill land, on a GHSL-2018 residential cell; >= 5 = breach; imagery review 'uncertain' -> check",,,,,breach,confirmed,houses to the north-west,1462.2,,,,,
MEH-01,Mehsana LF-1,2026,2.77,R5,Public park,200 m,1578.4,m,Arvind Baug,0.0,ok,OSM leisure=park / recreation_ground,,,,,,,,,,,,,
MEH-01,Mehsana LF-1,2026,2.77,R6,Water-supply well,200 m,,m,no public map of water-supply wells,,not assessable,no complete open dataset of water-supply wells; OSM man_made=water_well shown for information only,,,,,,,,,,,,,
MEH-01,Mehsana LF-1,2026,2.77,R7,Airport / airbase,20 km (10-20 km only with NOC),2.45,km,Mehsana Airport (no code; airstrip),,breach,"aerodromes from OSM (airports, airbases, airstrips; not abandoned), distance to the aerodrome reference point (OurAirports); < 10 km = breach; 10-20 km = allowed only with a NOC (conditional)",2.23,breach,distance to the nearest aerodrome boundary (OSM polygon),,,,,,airstrip,,,,
MEH-01,Mehsana LF-1,2026,2.77,R8,Flood plain (100-year),not permitted,0.0,% of outline in 100-yr flood extent,no modelled 100-yr flooding within ~3 km,,ok,"JRC/Copernicus global river flood hazard map v2.1.2, 100-year return period, 90 m",,,,,,,,,,,,,
MEH-01,Mehsana LF-1,2026,2.77,R9,Coastal Regulation Zone,not permitted,,m,no coastline within 2.5 km; no tidal feature within 2.5 km,,ok,SCREENING: within 500 m of the OSM coastline or 50 m of OSM tidal features (CRZ Notification 2019); official CZMP High Tide Line maps not used,,,,,,,,,,,,,
MEH-01,Mehsana LF-1,2026,2.77,R10,Wetland,not permitted,,m,none within 2.5 km,,ok,"OSM natural=wetland (incl. mangrove, marsh, tidal flat, salt marsh); breach = outline overlaps it",,,,,,,,,,,,,
MEH-01,Mehsana LF-1,2026,2.77,R11,Critical habitat / eco-fragile area,not permitted,76.43,km,Balaram Ambaji WLS (Wildlife Reserve),,ok,"OSM protected areas (national parks, sanctuaries, reserves) in Gujarat; inside or < 1 km (minimum ESZ, SC order 3 June 2022) = breach; 1-10 km = check the notified ESZ (10 km default, MoEFCC 2011)",,,,,,,,,,,,,
MEH-01,Mehsana LF-1,2026,2.77,R12,In town-planning land-use plan,required,,,not tagged as landfill in OSM,,not assessable,needs the town-planning Development Plan / TP scheme maps; not available as open GIS data,,,,,,,,,,,,,
MEH-01,Mehsana LF-1,2016,2.57,R1,River,100 m,157.8,m,unnamed river (OSM),0.0,ok,OSM waterway=river / river water areas,,,,,,,,,,,,,
MEH-01,Mehsana LF-1,2016,2.57,R2,Pond,200 m,1522.9,m,Swami Vivekanand Lake,0.0,ok,"OSM natural=water (pond/lake/reservoir/unspecified) and landuse=reservoir/basin, >= 100 m2",,,,,,,,,,,,,
MEH-01,Mehsana LF-1,2016,2.57,R3,Highway (NH / SH),200 m,38.6,m,"Himatnagar link road sh-219 (tertiary, SH219)",1.0,breach,"OSM motorway/trunk/primary (OSM India: trunk = NH, primary = SH) or ref NH/SH",38.6,breach,strict: only motorway/trunk or roads with an NH/SH ref,"Himatnagar link road sh-219 (tertiary, SH219)",,,,,,,,,
MEH-01,Mehsana LF-1,2016,2.57,R4,Habitation,200 m,79.1,m,2 residential buildings within 200 m (of 23 buildings); nearest building 79.1 m,2.0,ok,"Overture buildings outside the dumpsite (+20 m), not circular tanks, outside OSM industrial / commercial / plant / landfill land, on a GHSL-2018 residential cell; >= 5 = breach; imagery review 'uncertain' -> check",,,,,ok,confirmed,houses to the north-west,1493.7,,,,,
MEH-01,Mehsana LF-1,2016,2.57,R5,Public park,200 m,1693.3,m,Arvind Baug,0.0,ok,OSM leisure=park / recreation_ground,,,,,,,,,,,,,
MEH-01,Mehsana LF-1,2016,2.57,R6,Water-supply well,200 m,,m,no public map of water-supply wells,,not assessable,no complete open dataset of water-supply wells; OSM man_made=water_well shown for information only,,,,,,,,,,,,,
MEH-01,Mehsana LF-1,2016,2.57,R7,Airport / airbase,20 km (10-20 km only with NOC),2.53,km,Mehsana Airport (no code; airstrip),,breach,"aerodromes from OSM (airports, airbases, airstrips; not abandoned), distance to the aerodrome reference point (OurAirports); < 10 km = breach; 10-20 km = allowed only with a NOC (conditional)",2.34,breach,distance to the nearest aerodrome boundary (OSM polygon),,,,,,airstrip,,,,
MEH-01,Mehsana LF-1,2016,2.57,R8,Flood plain (100-year),not permitted,0.0,% of outline in 100-yr flood extent,no modelled 100-yr flooding within ~3 km,,ok,"JRC/Copernicus global river flood hazard map v2.1.2, 100-year return period, 90 m",,,,,,,,,,,,,
MEH-01,Mehsana LF-1,2016,2.57,R9,Coastal Regulation Zone,not permitted,,m,no coastline within 2.5 km; no tidal feature within 2.5 km,,ok,SCREENING: within 500 m of the OSM coastline or 50 m of OSM tidal features (CRZ Notification 2019); official CZMP High Tide Line maps not used,,,,,,,,,,,,,
MEH-01,Mehsana LF-1,2016,2.57,R10,Wetland,not permitted,,m,none within 2.5 km,,ok,"OSM natural=wetland (incl. mangrove, marsh, tidal flat, salt marsh); breach = outline overlaps it",,,,,,,,,,,,,
MEH-01,Mehsana LF-1,2016,2.57,R11,Critical habitat / eco-fragile area,not permitted,76.53,km,Balaram Ambaji WLS (Wildlife Reserve),,ok,"OSM protected areas (national parks, sanctuaries, reserves) in Gujarat; inside or < 1 km (minimum ESZ, SC order 3 June 2022) = breach; 1-10 km = check the notified ESZ (10 km default, MoEFCC 2011)",,,,,,,,,,,,,
MEH-01,Mehsana LF-1,2016,2.57,R12,In town-planning land-use plan,required,,,not tagged as landfill in OSM,,not assessable,needs the town-planning Development Plan / TP scheme maps; not available as open GIS data,,,,,,,,,,,,,
RAJ-01,Rajkot LF-1,2026,28.03,R1,River,100 m,3318.2,m,unnamed river (OSM),0.0,ok,OSM waterway=river / river water areas,,,,,,,,,,,,,
RAJ-01,Rajkot LF-1,2026,28.03,R2,Pond,200 m,572.1,m,"unnamed water body (natural=water, 1.3 ha)",0.0,ok,"OSM natural=water (pond/lake/reservoir/unspecified) and landuse=reservoir/basin, >= 100 m2",,,,,,,,,,,,,
RAJ-01,Rajkot LF-1,2026,28.03,R3,Highway (NH / SH),200 m,,m,none within 2.5 km,0.0,ok,"OSM motorway/trunk/primary (OSM India: trunk = NH, primary = SH) or ref NH/SH",,ok,strict: only motorway/trunk or roads with an NH/SH ref,none within 2.5 km,,,,,,,,,
RAJ-01,Rajkot LF-1,2026,28.03,R4,Habitation,200 m,20.3,m,4 residential buildings within 200 m (of 38 buildings); nearest building 20.3 m,4.0,ok,"Overture buildings outside the dumpsite (+20 m), not circular tanks, outside OSM industrial / commercial / plant / landfill land, on a GHSL-2018 residential cell; >= 5 = breach; imagery review 'uncertain' -> check",,,,,ok,none,structures in the ring are the processing-plant buildings on the east side,1704.2,,,,,
RAJ-01,Rajkot LF-1,2026,28.03,R5,Public park,200 m,,m,none within 2.5 km,0.0,ok,OSM leisure=park / recreation_ground,,,,,,,,,,,,,
RAJ-01,Rajkot LF-1,2026,28.03,R6,Water-supply well,200 m,,m,no public map of water-supply wells,,not assessable,no complete open dataset of water-supply wells; OSM man_made=water_well shown for information only,,,,,,,,,,,,,
RAJ-01,Rajkot LF-1,2026,28.03,R7,Airport / airbase,20 km (10-20 km only with NOC),10.75,km,"Rajkot Airport (VARK; airport, no scheduled flights)",,conditional,"aerodromes from OSM (airports, airbases, airstrips; not abandoned), distance to the aerodrome reference point (OurAirports); < 10 km = breach; 10-20 km = allowed only with a NOC (conditional)",9.61,breach,distance to the nearest aerodrome boundary (OSM polygon),,,,,,"airport, no scheduled flights",,,,
RAJ-01,Rajkot LF-1,2026,28.03,R8,Flood plain (100-year),not permitted,0.0,% of outline in 100-yr flood extent,overlap 0.00 ha; nearest flooded cell 2101.1 m; max depth under outline 0.0 m,,ok,"JRC/Copernicus global river flood hazard map v2.1.2, 100-year return period, 90 m; >= 10% of outline = breach, 0-10% = edge overlap (check)",,,,,,,,,,0.0,2101.1,0.0,
RAJ-01,Rajkot LF-1,2026,28.03,R9,Coastal Regulation Zone,not permitted,,m,no coastline within 2.5 km; no tidal feature within 2.5 km,,ok,SCREENING: within 500 m of the OSM coastline or 50 m of OSM tidal features (CRZ Notification 2019); official CZMP High Tide Line maps not used,,,,,,,,,,,,,
RAJ-01,Rajkot LF-1,2026,28.03,R10,Wetland,not permitted,,m,none within 2.5 km,,ok,"OSM natural=wetland (incl. mangrove, marsh, tidal flat, salt marsh); breach = outline overlaps it",,,,,,,,,,,,,
RAJ-01,Rajkot LF-1,2026,28.03,R11,Critical habitat / eco-fragile area,not permitted,17.43,km,Rampara WLS,,ok,"OSM protected areas (national parks, sanctuaries, reserves) in Gujarat; inside or < 1 km (minimum ESZ, SC order 3 June 2022) = breach; 1-10 km = check the notified ESZ (10 km default, MoEFCC 2011)",,,,,,,,,,,,,
RAJ-01,Rajkot LF-1,2026,28.03,R12,In town-planning land-use plan,required,,,not tagged as landfill in OSM,,not assessable,needs the town-planning Development Plan / TP scheme maps; not available as open GIS data,,,,,,,,,,,,,
RAJ-01,Rajkot LF-1,2016,7.29,R1,River,100 m,3346.8,m,unnamed river (OSM),0.0,ok,OSM waterway=river / river water areas,,,,,,,,,,,,,
RAJ-01,Rajkot LF-1,2016,7.29,R2,Pond,200 m,860.7,m,"unnamed water body (natural=water, 1.3 ha)",0.0,ok,"OSM natural=water (pond/lake/reservoir/unspecified) and landuse=reservoir/basin, >= 100 m2",,,,,,,,,,,,,
RAJ-01,Rajkot LF-1,2016,7.29,R3,Highway (NH / SH),200 m,,m,none within 2.5 km,0.0,ok,"OSM motorway/trunk/primary (OSM India: trunk = NH, primary = SH) or ref NH/SH",,ok,strict: only motorway/trunk or roads with an NH/SH ref,none within 2.5 km,,,,,,,,,
RAJ-01,Rajkot LF-1,2016,7.29,R4,Habitation,200 m,114.9,m,4 residential buildings within 200 m (of 24 buildings); nearest building 114.9 m,4.0,ok,"Overture buildings outside the dumpsite (+20 m), not circular tanks, outside OSM industrial / commercial / plant / landfill land, on a GHSL-2018 residential cell; >= 5 = breach; imagery review 'uncertain' -> check",,,,,ok,none,structures in the ring are the processing-plant buildings on the east side,1902.6,,,,,
RAJ-01,Rajkot LF-1,2016,7.29,R5,Public park,200 m,,m,none within 2.5 km,0.0,ok,OSM leisure=park / recreation_ground,,,,,,,,,,,,,
RAJ-01,Rajkot LF-1,2016,7.29,R6,Water-supply well,200 m,,m,no public map of water-supply wells,,not assessable,no complete open dataset of water-supply wells; OSM man_made=water_well shown for information only,,,,,,,,,,,,,
RAJ-01,Rajkot LF-1,2016,7.29,R7,Airport / airbase,20 km (10-20 km only with NOC),10.77,km,"Rajkot Airport (VARK; airport, no scheduled flights)",,conditional,"aerodromes from OSM (airports, airbases, airstrips; not abandoned), distance to the aerodrome reference point (OurAirports); < 10 km = breach; 10-20 km = allowed only with a NOC (conditional)",9.64,breach,distance to the nearest aerodrome boundary (OSM polygon),,,,,,"airport, no scheduled flights",,,,
RAJ-01,Rajkot LF-1,2016,7.29,R8,Flood plain (100-year),not permitted,0.0,% of outline in 100-yr flood extent,overlap 0.00 ha; nearest flooded cell 2376.1 m; max depth under outline 0.0 m,,ok,"JRC/Copernicus global river flood hazard map v2.1.2, 100-year return period, 90 m; >= 10% of outline = breach, 0-10% = edge overlap (check)",,,,,,,,,,0.0,2376.1,0.0,
RAJ-01,Rajkot LF-1,2016,7.29,R9,Coastal Regulation Zone,not permitted,,m,no coastline within 2.5 km; no tidal feature within 2.5 km,,ok,SCREENING: within 500 m of the OSM coastline or 50 m of OSM tidal features (CRZ Notification 2019); official CZMP High Tide Line maps not used,,,,,,,,,,,,,
RAJ-01,Rajkot LF-1,2016,7.29,R10,Wetland,not permitted,,m,none within 2.5 km,,ok,"OSM natural=wetland (incl. mangrove, marsh, tidal flat, salt marsh); breach = outline overlaps it",,,,,,,,,,,,,
RAJ-01,Rajkot LF-1,2016,7.29,R11,Critical habitat / eco-fragile area,not permitted,17.47,km,Rampara WLS,,ok,"OSM protected areas (national parks, sanctuaries, reserves) in Gujarat; inside or < 1 km (minimum ESZ, SC order 3 June 2022) = breach; 1-10 km = check the notified ESZ (10 km default, MoEFCC 2011)",,,,,,,,,,,,,
RAJ-01,Rajkot LF-1,2016,7.29,R12,In town-planning land-use plan,required,,,not tagged as landfill in OSM,,not assessable,needs the town-planning Development Plan / TP scheme maps; not available as open GIS data,,,,,,,,,,,,,
SUR-01,Surat LF-1 (Bhatar),2026,0.41,R1,River,100 m,137.6,m,unnamed river (OSM),0.0,ok,OSM waterway=river / river water areas,,,,,,,,,,,,,
SUR-01,Surat LF-1 (Bhatar),2026,0.41,R2,Pond,200 m,1974.6,m,"unnamed water body (natural=water, 0.8 ha)",0.0,ok,"OSM natural=water (pond/lake/reservoir/unspecified) and landuse=reservoir/basin, >= 100 m2",,,,,,,,,,,,,
SUR-01,Surat LF-1 (Bhatar),2026,0.41,R3,Highway (NH / SH),200 m,768.3,m, (primary),0.0,ok,"OSM motorway/trunk/primary (OSM India: trunk = NH, primary = SH) or ref NH/SH",2283.1,ok,strict: only motorway/trunk or roads with an NH/SH ref,Majura Gate Flyover (trunk_link),,,,,,,,,
SUR-01,Surat LF-1 (Bhatar),2026,0.41,R4,Habitation,200 m,21.7,m,75 residential buildings within 200 m (of 79 buildings); nearest building 21.7 m,75.0,breach,"Overture buildings outside the dumpsite (+20 m), not circular tanks, outside OSM industrial / commercial / plant / landfill land, on a GHSL-2018 residential cell; >= 5 = breach; imagery review 'uncertain' -> check",,,,,breach,confirmed,"most mapped structures are Bhatar STP units, but dense housing lies inside the ring to the south-west",450.3,,,,,
SUR-01,Surat LF-1 (Bhatar),2026,0.41,R5,Public park,200 m,1384.9,m,Siddharaj Jaysinh Solanki Garden,0.0,ok,OSM leisure=park / recreation_ground,,,,,,,,,,,,,
SUR-01,Surat LF-1 (Bhatar),2026,0.41,R6,Water-supply well,200 m,,m,no public map of water-supply wells,,not assessable,no complete open dataset of water-supply wells; OSM man_made=water_well shown for information only,,,,,,,,,,,,,
SUR-01,Surat LF-1 (Bhatar),2026,0.41,R7,Airport / airbase,20 km (10-20 km only with NOC),8.75,km,"Surat Airport (VASU; airport, scheduled flights)",,breach,"aerodromes from OSM (airports, airbases, airstrips; not abandoned), distance to the aerodrome reference point (OurAirports); < 10 km = breach; 10-20 km = allowed only with a NOC (conditional)",6.24,breach,distance to the nearest aerodrome boundary (OSM polygon),,,,,,"airport, scheduled flights",,,,
SUR-01,Surat LF-1 (Bhatar),2026,0.41,R8,Flood plain (100-year),not permitted,100.0,% of outline in 100-yr flood extent,overlap 0.41 ha; nearest flooded cell 0.0 m; max depth under outline 1.9 m,,breach,"JRC/Copernicus global river flood hazard map v2.1.2, 100-year return period, 90 m; >= 10% of outline = breach, 0-10% = edge overlap (check)",,,,,,,,,,0.41,0.0,1.92,
SUR-01,Surat LF-1 (Bhatar),2026,0.41,R9,Coastal Regulation Zone,not permitted,,m,no coastline within 2.5 km; no tidal feature within 2.5 km,,ok,SCREENING: within 500 m of the OSM coastline or 50 m of OSM tidal features (CRZ Notification 2019); official CZMP High Tide Line maps not used,,,,,,,,,,,,,
SUR-01,Surat LF-1 (Bhatar),2026,0.41,R10,Wetland,not permitted,,m,none within 2.5 km,,ok,"OSM natural=wetland (incl. mangrove, marsh, tidal flat, salt marsh); breach = outline overlaps it",,,,,,,,,,,,,
SUR-01,Surat LF-1 (Bhatar),2026,0.41,R11,Critical habitat / eco-fragile area,not permitted,72.41,km,Purna WLS,,ok,"OSM protected areas (national parks, sanctuaries, reserves) in Gujarat; inside or < 1 km (minimum ESZ, SC order 3 June 2022) = breach; 1-10 km = check the notified ESZ (10 km default, MoEFCC 2011)",,,,,,,,,,,,,Sarthana Nature Park & Zoo at 11.51 km
SUR-01,Surat LF-1 (Bhatar),2026,0.41,R12,In town-planning land-use plan,required,,,not tagged as landfill in OSM,,not assessable,needs the town-planning Development Plan / TP scheme maps; not available as open GIS data,,,,,,,,,,,,,
SUR-01,Surat LF-1 (Bhatar),2016,1.97,R1,River,100 m,19.7,m,unnamed river (OSM),1.0,breach,OSM waterway=river / river water areas,,,,,,,,,,,,,
SUR-01,Surat LF-1 (Bhatar),2016,1.97,R2,Pond,200 m,1984.9,m,"unnamed water body (natural=water, 0.8 ha)",0.0,ok,"OSM natural=water (pond/lake/reservoir/unspecified) and landuse=reservoir/basin, >= 100 m2",,,,,,,,,,,,,
SUR-01,Surat LF-1 (Bhatar),2016,1.97,R3,Highway (NH / SH),200 m,755.6,m, (primary),0.0,ok,"OSM motorway/trunk/primary (OSM India: trunk = NH, primary = SH) or ref NH/SH",2217.1,ok,strict: only motorway/trunk or roads with an NH/SH ref,Majura Gate Flyover (trunk_link),,,,,,,,,
SUR-01,Surat LF-1 (Bhatar),2016,1.97,R4,Habitation,200 m,24.7,m,121 residential buildings within 200 m (of 142 buildings); nearest building 24.7 m,121.0,breach,"Overture buildings outside the dumpsite (+20 m), not circular tanks, outside OSM industrial / commercial / plant / landfill land, on a GHSL-2018 residential cell; >= 5 = breach; imagery review 'uncertain' -> check",,,,,breach,confirmed,"most mapped structures are Bhatar STP units, but dense housing lies inside the ring to the south-west",485.0,,,,,
SUR-01,Surat LF-1 (Bhatar),2016,1.97,R5,Public park,200 m,1421.7,m,Siddharaj Jaysinh Solanki Garden,0.0,ok,OSM leisure=park / recreation_ground,,,,,,,,,,,,,
SUR-01,Surat LF-1 (Bhatar),2016,1.97,R6,Water-supply well,200 m,,m,no public map of water-supply wells,,not assessable,no complete open dataset of water-supply wells; OSM man_made=water_well shown for information only,,,,,,,,,,,,,
SUR-01,Surat LF-1 (Bhatar),2016,1.97,R7,Airport / airbase,20 km (10-20 km only with NOC),8.78,km,"Surat Airport (VASU; airport, scheduled flights)",,breach,"aerodromes from OSM (airports, airbases, airstrips; not abandoned), distance to the aerodrome reference point (OurAirports); < 10 km = breach; 10-20 km = allowed only with a NOC (conditional)",6.28,breach,distance to the nearest aerodrome boundary (OSM polygon),,,,,,"airport, scheduled flights",,,,
SUR-01,Surat LF-1 (Bhatar),2016,1.97,R8,Flood plain (100-year),not permitted,100.0,% of outline in 100-yr flood extent,overlap 1.97 ha; nearest flooded cell 0.0 m; max depth under outline 4.1 m,,breach,"JRC/Copernicus global river flood hazard map v2.1.2, 100-year return period, 90 m; >= 10% of outline = breach, 0-10% = edge overlap (check)",,,,,,,,,,1.97,0.0,4.12,
SUR-01,Surat LF-1 (Bhatar),2016,1.97,R9,Coastal Regulation Zone,not permitted,,m,no coastline within 2.5 km; no tidal feature within 2.5 km,,ok,SCREENING: within 500 m of the OSM coastline or 50 m of OSM tidal features (CRZ Notification 2019); official CZMP High Tide Line maps not used,,,,,,,,,,,,,
SUR-01,Surat LF-1 (Bhatar),2016,1.97,R10,Wetland,not permitted,,m,none within 2.5 km,,ok,"OSM natural=wetland (incl. mangrove, marsh, tidal flat, salt marsh); breach = outline overlaps it",,,,,,,,,,,,,
SUR-01,Surat LF-1 (Bhatar),2016,1.97,R11,Critical habitat / eco-fragile area,not permitted,72.22,km,Purna WLS,,ok,"OSM protected areas (national parks, sanctuaries, reserves) in Gujarat; inside or < 1 km (minimum ESZ, SC order 3 June 2022) = breach; 1-10 km = check the notified ESZ (10 km default, MoEFCC 2011)",,,,,,,,,,,,,
SUR-01,Surat LF-1 (Bhatar),2016,1.97,R12,In town-planning land-use plan,required,,,not tagged as landfill in OSM,,not assessable,needs the town-planning Development Plan / TP scheme maps; not available as open GIS data,,,,,,,,,,,,,
SUR-02,Surat LF-2 (Khajod),2026,31.19,R1,River,100 m,677.3,m,unnamed river (OSM),0.0,ok,OSM waterway=river / river water areas,,,,,,,,,,,,,
SUR-02,Surat LF-2 (Khajod),2026,31.19,R2,Pond,200 m,158.1,m,"unnamed water body (natural=water, 2.0 ha)",1.0,breach,"OSM natural=water (pond/lake/reservoir/unspecified) and landuse=reservoir/basin, >= 100 m2",,,,,,,,,,,,,
SUR-02,Surat LF-2 (Khajod),2026,31.19,R3,Highway (NH / SH),200 m,861.2,m,"Hajir Sachin Bypass Road (trunk, NH53)",0.0,ok,"OSM motorway/trunk/primary (OSM India: trunk = NH, primary = SH) or ref NH/SH",861.2,ok,strict: only motorway/trunk or roads with an NH/SH ref,"Hajir Sachin Bypass Road (trunk, NH53)",,,,,,,,,
SUR-02,Surat LF-2 (Khajod),2026,31.19,R4,Habitation,200 m,21.8,m,33 residential buildings within 200 m (of 52 buildings); nearest building 21.8 m,33.0,ok,"Overture buildings outside the dumpsite (+20 m), not circular tanks, outside OSM industrial / commercial / plant / landfill land, on a GHSL-2018 residential cell; >= 5 = breach; imagery review 'uncertain' -> check",,,,,breach,not residential,student imagery check 26 Sep: the cluster south of the southern cell is not residential; north side industrial,1007.9,,,,,
SUR-02,Surat LF-2 (Khajod),2026,31.19,R5,Public park,200 m,1214.1,m,unnamed park,0.0,ok,OSM leisure=park / recreation_ground,,,,,,,,,,,,,
SUR-02,Surat LF-2 (Khajod),2026,31.19,R6,Water-supply well,200 m,,m,no public map of water-supply wells,,not assessable,no complete open dataset of water-supply wells; OSM man_made=water_well shown for information only,,,,,,,,,,,,,
SUR-02,Surat LF-2 (Khajod),2026,31.19,R7,Airport / airbase,20 km (10-20 km only with NOC),6.17,km,"Surat Airport (VASU; airport, scheduled flights)",,breach,"aerodromes from OSM (airports, airbases, airstrips; not abandoned), distance to the aerodrome reference point (OurAirports); < 10 km = breach; 10-20 km = allowed only with a NOC (conditional)",4.63,breach,distance to the nearest aerodrome boundary (OSM polygon),,,,,,"airport, scheduled flights",,,,
SUR-02,Surat LF-2 (Khajod),2026,31.19,R8,Flood plain (100-year),not permitted,100.0,% of outline in 100-yr flood extent,overlap 31.19 ha; nearest flooded cell 0.0 m; max depth under outline 8.3 m,,breach,"JRC/Copernicus global river flood hazard map v2.1.2, 100-year return period, 90 m; >= 10% of outline = breach, 0-10% = edge overlap (check)",,,,,,,,,,31.19,0.0,8.31,
SUR-02,Surat LF-2 (Khajod),2026,31.19,R9,Coastal Regulation Zone,not permitted,,m,no coastline within 2.5 km; no tidal feature within 2.5 km,,ok,SCREENING: within 500 m of the OSM coastline or 50 m of OSM tidal features (CRZ Notification 2019); official CZMP High Tide Line maps not used,,,,,,,,,,,,,
SUR-02,Surat LF-2 (Khajod),2026,31.19,R10,Wetland,not permitted,,m,none within 2.5 km,,ok,"OSM natural=wetland (incl. mangrove, marsh, tidal flat, salt marsh); breach = outline overlaps it",,,,,,,,,,,,,
SUR-02,Surat LF-2 (Khajod),2026,31.19,R11,Critical habitat / eco-fragile area,not permitted,72.01,km,Purna WLS,,ok,"OSM protected areas (national parks, sanctuaries, reserves) in Gujarat; inside or < 1 km (minimum ESZ, SC order 3 June 2022) = breach; 1-10 km = check the notified ESZ (10 km default, MoEFCC 2011)",,,,,,,,,,,,,
SUR-02,Surat LF-2 (Khajod),2026,31.19,R12,In town-planning land-use plan,required,,,not tagged as landfill in OSM,,not assessable,needs the town-planning Development Plan / TP scheme maps; not available as open GIS data,,,,,,,,,,,,,
SUR-02,Surat LF-2 (Khajod),2016,68.68,R1,River,100 m,837.3,m,unnamed river (OSM),0.0,ok,OSM waterway=river / river water areas,,,,,,,,,,,,,
SUR-02,Surat LF-2 (Khajod),2016,68.68,R2,Pond,200 m,295.4,m,"unnamed water body (natural=water, 2.0 ha)",0.0,ok,"OSM natural=water (pond/lake/reservoir/unspecified) and landuse=reservoir/basin, >= 100 m2",,,,,,,,,,,,,
SUR-02,Surat LF-2 (Khajod),2016,68.68,R3,Highway (NH / SH),200 m,1224.1,m,"Hajir Sachin Bypass Road (trunk, NH53)",0.0,ok,"OSM motorway/trunk/primary (OSM India: trunk = NH, primary = SH) or ref NH/SH",1224.1,ok,strict: only motorway/trunk or roads with an NH/SH ref,"Hajir Sachin Bypass Road (trunk, NH53)",,,,,,,,,
SUR-02,Surat LF-2 (Khajod),2016,68.68,R4,Habitation,200 m,22.9,m,36 residential buildings within 200 m (of 70 buildings); nearest building 22.9 m,36.0,ok,"Overture buildings outside the dumpsite (+20 m), not circular tanks, outside OSM industrial / commercial / plant / landfill land, on a GHSL-2018 residential cell; >= 5 = breach; imagery review 'uncertain' -> check",,,,,breach,not residential,student imagery check 26 Sep: the cluster south of the southern cell is not residential; north side industrial,1113.8,,,,,
SUR-02,Surat LF-2 (Khajod),2016,68.68,R5,Public park,200 m,1446.4,m,unnamed park,0.0,ok,OSM leisure=park / recreation_ground,,,,,,,,,,,,,
SUR-02,Surat LF-2 (Khajod),2016,68.68,R6,Water-supply well,200 m,,m,no public map of water-supply wells,,not assessable,no complete open dataset of water-supply wells; OSM man_made=water_well shown for information only,,,,,,,,,,,,,
SUR-02,Surat LF-2 (Khajod),2016,68.68,R7,Airport / airbase,20 km (10-20 km only with NOC),5.72,km,"Surat Airport (VASU; airport, scheduled flights)",,breach,"aerodromes from OSM (airports, airbases, airstrips; not abandoned), distance to the aerodrome reference point (OurAirports); < 10 km = breach; 10-20 km = allowed only with a NOC (conditional)",4.76,breach,distance to the nearest aerodrome boundary (OSM polygon),,,,,,"airport, scheduled flights",,,,
SUR-02,Surat LF-2 (Khajod),2016,68.68,R8,Flood plain (100-year),not permitted,100.0,% of outline in 100-yr flood extent,overlap 68.68 ha; nearest flooded cell 0.0 m; max depth under outline 8.3 m,,breach,"JRC/Copernicus global river flood hazard map v2.1.2, 100-year return period, 90 m; >= 10% of outline = breach, 0-10% = edge overlap (check)",,,,,,,,,,68.68,0.0,8.31,
SUR-02,Surat LF-2 (Khajod),2016,68.68,R9,Coastal Regulation Zone,not permitted,,m,no coastline within 2.5 km; no tidal feature within 2.5 km,,ok,SCREENING: within 500 m of the OSM coastline or 50 m of OSM tidal features (CRZ Notification 2019); official CZMP High Tide Line maps not used,,,,,,,,,,,,,
SUR-02,Surat LF-2 (Khajod),2016,68.68,R10,Wetland,not permitted,,m,none within 2.5 km,,ok,"OSM natural=wetland (incl. mangrove, marsh, tidal flat, salt marsh); breach = outline overlaps it",,,,,,,,,,,,,
SUR-02,Surat LF-2 (Khajod),2016,68.68,R11,Critical habitat / eco-fragile area,not permitted,72.02,km,Purna WLS,,ok,"OSM protected areas (national parks, sanctuaries, reserves) in Gujarat; inside or < 1 km (minimum ESZ, SC order 3 June 2022) = breach; 1-10 km = check the notified ESZ (10 km default, MoEFCC 2011)",,,,,,,,,,,,,
SUR-02,Surat LF-2 (Khajod),2016,68.68,R12,In town-planning land-use plan,required,,,not tagged as landfill in OSM,,not assessable,needs the town-planning Development Plan / TP scheme maps; not available as open GIS data,,,,,,,,,,,,,
VAD-01,Vadodara LF-1,2026,12.88,R1,River,100 m,0.0,m,Jambuwa (unnamed OSM part),3.0,breach,OSM waterway=river / river water areas,,,,,,,,,,,,,
VAD-01,Vadodara LF-1,2026,12.88,R2,Pond,200 m,148.0,m,"unnamed water body (natural=water, 2.1 ha)",1.0,breach,"OSM natural=water (pond/lake/reservoir/unspecified) and landuse=reservoir/basin, >= 100 m2",,,,,,,,,,,,,
VAD-01,Vadodara LF-1,2026,12.88,R3,Highway (NH / SH),200 m,52.6,m,"Vadodara Bypass (trunk, NH48)",2.0,breach,"OSM motorway/trunk/primary (OSM India: trunk = NH, primary = SH) or ref NH/SH",52.6,breach,strict: only motorway/trunk or roads with an NH/SH ref,"Vadodara Bypass (trunk, NH48)",,,,,,,,,
VAD-01,Vadodara LF-1,2026,12.88,R4,Habitation,200 m,22.2,m,113 residential buildings within 200 m (of 140 buildings); nearest building 22.2 m,113.0,breach,"Overture buildings outside the dumpsite (+20 m), not circular tanks, outside OSM industrial / commercial / plant / landfill land, on a GHSL-2018 residential cell; >= 5 = breach; imagery review 'uncertain' -> check",,,,,breach,likely,scattered houses / farm buildings to the north and west,424.5,,,,,
VAD-01,Vadodara LF-1,2026,12.88,R5,Public park,200 m,471.0,m,unnamed park,0.0,ok,OSM leisure=park / recreation_ground,,,,,,,,,,,,,
VAD-01,Vadodara LF-1,2026,12.88,R6,Water-supply well,200 m,,m,no public map of water-supply wells,,not assessable,no complete open dataset of water-supply wells; OSM man_made=water_well shown for information only,,,,,,,,,,,,,
VAD-01,Vadodara LF-1,2026,12.88,R7,Airport / airbase,20 km (10-20 km only with NOC),11.4,km,"Vadodara Green Airport Harni (VABO; airport, scheduled flights; military use)",,conditional,"aerodromes from OSM (airports, airbases, airstrips; not abandoned), distance to the aerodrome reference point (OurAirports); < 10 km = breach; 10-20 km = allowed only with a NOC (conditional)",10.02,conditional,distance to the nearest aerodrome boundary (OSM polygon),,,,,,"airport, scheduled flights; military use",,,,
VAD-01,Vadodara LF-1,2026,12.88,R8,Flood plain (100-year),not permitted,98.7,% of outline in 100-yr flood extent,overlap 12.71 ha; nearest flooded cell 0.0 m; max depth under outline 2.0 m,,breach,"JRC/Copernicus global river flood hazard map v2.1.2, 100-year return period, 90 m; >= 10% of outline = breach, 0-10% = edge overlap (check)",,,,,,,,,,12.71,0.0,1.98,
VAD-01,Vadodara LF-1,2026,12.88,R9,Coastal Regulation Zone,not permitted,,m,no coastline within 2.5 km; no tidal feature within 2.5 km,,ok,SCREENING: within 500 m of the OSM coastline or 50 m of OSM tidal features (CRZ Notification 2019); official CZMP High Tide Line maps not used,,,,,,,,,,,,,
VAD-01,Vadodara LF-1,2026,12.88,R10,Wetland,not permitted,,m,none within 2.5 km,,ok,"OSM natural=wetland (incl. mangrove, marsh, tidal flat, salt marsh); breach = outline overlaps it",,,,,,,,,,,,,
VAD-01,Vadodara LF-1,2026,12.88,R11,Critical habitat / eco-fragile area,not permitted,27.83,km,Vadhvana Wetlands,,ok,"OSM protected areas (national parks, sanctuaries, reserves) in Gujarat; inside or < 1 km (minimum ESZ, SC order 3 June 2022) = breach; 1-10 km = check the notified ESZ (10 km default, MoEFCC 2011)",,,,,,,,,,,,,
VAD-01,Vadodara LF-1,2026,12.88,R12,In town-planning land-use plan,required,,,not tagged as landfill in OSM,,not assessable,needs the town-planning Development Plan / TP scheme maps; not available as open GIS data,,,,,,,,,,,,,
VAD-01,Vadodara LF-1,2016,3.02,R1,River,100 m,27.9,m,Jambuwa (unnamed OSM part),1.0,breach,OSM waterway=river / river water areas,,,,,,,,,,,,,
VAD-01,Vadodara LF-1,2016,3.02,R2,Pond,200 m,494.3,m,"unnamed water body (natural=water, 2.1 ha)",0.0,ok,"OSM natural=water (pond/lake/reservoir/unspecified) and landuse=reservoir/basin, >= 100 m2",,,,,,,,,,,,,
VAD-01,Vadodara LF-1,2016,3.02,R3,Highway (NH / SH),200 m,84.1,m,"Vadodara Bypass (trunk, NH48)",2.0,breach,"OSM motorway/trunk/primary (OSM India: trunk = NH, primary = SH) or ref NH/SH",84.1,breach,strict: only motorway/trunk or roads with an NH/SH ref,"Vadodara Bypass (trunk, NH48)",,,,,,,,,
VAD-01,Vadodara LF-1,2016,3.02,R4,Habitation,200 m,41.0,m,94 residential buildings within 200 m (of 114 buildings); nearest building 41.0 m,94.0,breach,"Overture buildings outside the dumpsite (+20 m), not circular tanks, outside OSM industrial / commercial / plant / landfill land, on a GHSL-2018 residential cell; >= 5 = breach; imagery review 'uncertain' -> check",,,,,breach,likely,scattered houses / farm buildings to the north and west,431.9,,,,,
VAD-01,Vadodara LF-1,2016,3.02,R5,Public park,200 m,481.0,m,unnamed park,0.0,ok,OSM leisure=park / recreation_ground,,,,,,,,,,,,,
VAD-01,Vadodara LF-1,2016,3.02,R6,Water-supply well,200 m,,m,no public map of water-supply wells,,not assessable,no complete open dataset of water-supply wells; OSM man_made=water_well shown for information only,,,,,,,,,,,,,
VAD-01,Vadodara LF-1,2016,3.02,R7,Airport / airbase,20 km (10-20 km only with NOC),11.42,km,"Vadodara Green Airport Harni (VABO; airport, scheduled flights; military use)",,conditional,"aerodromes from OSM (airports, airbases, airstrips; not abandoned), distance to the aerodrome reference point (OurAirports); < 10 km = breach; 10-20 km = allowed only with a NOC (conditional)",10.04,conditional,distance to the nearest aerodrome boundary (OSM polygon),,,,,,"airport, scheduled flights; military use",,,,
VAD-01,Vadodara LF-1,2016,3.02,R8,Flood plain (100-year),not permitted,96.3,% of outline in 100-yr flood extent,overlap 2.91 ha; nearest flooded cell 0.0 m; max depth under outline 1.1 m,,breach,"JRC/Copernicus global river flood hazard map v2.1.2, 100-year return period, 90 m; >= 10% of outline = breach, 0-10% = edge overlap (check)",,,,,,,,,,2.91,0.0,1.09,
VAD-01,Vadodara LF-1,2016,3.02,R9,Coastal Regulation Zone,not permitted,,m,no coastline within 2.5 km; no tidal feature within 2.5 km,,ok,SCREENING: within 500 m of the OSM coastline or 50 m of OSM tidal features (CRZ Notification 2019); official CZMP High Tide Line maps not used,,,,,,,,,,,,,
VAD-01,Vadodara LF-1,2016,3.02,R10,Wetland,not permitted,,m,none within 2.5 km,,ok,"OSM natural=wetland (incl. mangrove, marsh, tidal flat, salt marsh); breach = outline overlaps it",,,,,,,,,,,,,
VAD-01,Vadodara LF-1,2016,3.02,R11,Critical habitat / eco-fragile area,not permitted,27.92,km,Vadhvana Wetlands,,ok,"OSM protected areas (national parks, sanctuaries, reserves) in Gujarat; inside or < 1 km (minimum ESZ, SC order 3 June 2022) = breach; 1-10 km = check the notified ESZ (10 km default, MoEFCC 2011)",,,,,,,,,,,,,
VAD-01,Vadodara LF-1,2016,3.02,R12,In town-planning land-use plan,required,,,not tagged as landfill in OSM,,not assessable,needs the town-planning Development Plan / TP scheme maps; not available as open GIS data,,,,,,,,,,,,,
VAD-02,Vadodara LF-2 (Atladara),2026,0.73,R1,River,100 m,469.5,m,Vishwamitri River,0.0,ok,OSM waterway=river / river water areas,,,,,,,,,,,,,
VAD-02,Vadodara LF-2 (Atladara),2026,0.73,R2,Pond,200 m,1873.2,m,"unnamed water body (natural=water, 0.6 ha)",0.0,ok,"OSM natural=water (pond/lake/reservoir/unspecified) and landuse=reservoir/basin, >= 100 m2",,,,,,,,,,,,,
VAD-02,Vadodara LF-2 (Atladara),2026,0.73,R3,Highway (NH / SH),200 m,316.4,m,Flyover (primary),0.0,ok,"OSM motorway/trunk/primary (OSM India: trunk = NH, primary = SH) or ref NH/SH",2869.2,ok,strict: only motorway/trunk or roads with an NH/SH ref, (trunk),,,,,,,,,
VAD-02,Vadodara LF-2 (Atladara),2026,0.73,R4,Habitation,200 m,22.4,m,120 residential buildings within 200 m (of 122 buildings); nearest building 22.4 m,120.0,breach,"Overture buildings outside the dumpsite (+20 m), not circular tanks, outside OSM industrial / commercial / plant / landfill land, on a GHSL-2018 residential cell; >= 5 = breach; imagery review 'uncertain' -> check",,,,,breach,confirmed,apartments and houses to the west and south,2325.4,,,,,
VAD-02,Vadodara LF-2 (Atladara),2026,0.73,R5,Public park,200 m,882.8,m,unnamed park,0.0,ok,OSM leisure=park / recreation_ground,,,,,,,,,,,,,
VAD-02,Vadodara LF-2 (Atladara),2026,0.73,R6,Water-supply well,200 m,,m,no public map of water-supply wells,,not assessable,no complete open dataset of water-supply wells; OSM man_made=water_well shown for information only,,,,,,,,,,,,,
VAD-02,Vadodara LF-2 (Atladara),2026,0.73,R7,Airport / airbase,20 km (10-20 km only with NOC),8.72,km,"Vadodara Green Airport Harni (VABO; airport, scheduled flights; military use)",,breach,"aerodromes from OSM (airports, airbases, airstrips; not abandoned), distance to the aerodrome reference point (OurAirports); < 10 km = breach; 10-20 km = allowed only with a NOC (conditional)",7.17,breach,distance to the nearest aerodrome boundary (OSM polygon),,,,,,"airport, scheduled flights; military use",,,,
VAD-02,Vadodara LF-2 (Atladara),2026,0.73,R8,Flood plain (100-year),not permitted,82.1,% of outline in 100-yr flood extent,overlap 0.60 ha; nearest flooded cell 0.0 m; max depth under outline 0.5 m,,breach,"JRC/Copernicus global river flood hazard map v2.1.2, 100-year return period, 90 m; >= 10% of outline = breach, 0-10% = edge overlap (check)",,,,,,,,,,0.6,0.0,0.5,
VAD-02,Vadodara LF-2 (Atladara),2026,0.73,R9,Coastal Regulation Zone,not permitted,,m,no coastline within 2.5 km; no tidal feature within 2.5 km,,ok,SCREENING: within 500 m of the OSM coastline or 50 m of OSM tidal features (CRZ Notification 2019); official CZMP High Tide Line maps not used,,,,,,,,,,,,,
VAD-02,Vadodara LF-2 (Atladara),2026,0.73,R10,Wetland,not permitted,,m,none within 2.5 km,,ok,"OSM natural=wetland (incl. mangrove, marsh, tidal flat, salt marsh); breach = outline overlaps it",,,,,,,,,,,,,
VAD-02,Vadodara LF-2 (Atladara),2026,0.73,R11,Critical habitat / eco-fragile area,not permitted,33.4,km,Vadhvana Wetlands,,ok,"OSM protected areas (national parks, sanctuaries, reserves) in Gujarat; inside or < 1 km (minimum ESZ, SC order 3 June 2022) = breach; 1-10 km = check the notified ESZ (10 km default, MoEFCC 2011)",,,,,,,,,,,,,
VAD-02,Vadodara LF-2 (Atladara),2026,0.73,R12,In town-planning land-use plan,required,,,OSM marks the site as landuse=landfill,,not assessable,needs the town-planning Development Plan / TP scheme maps; not available as open GIS data,,,,,,,,,,,,,
VAD-02,Vadodara LF-2 (Atladara),2016,6.96,R1,River,100 m,9.6,m,Vishwamitri River,1.0,breach,OSM waterway=river / river water areas,,,,,,,,,,,,,
VAD-02,Vadodara LF-2 (Atladara),2016,6.96,R2,Pond,200 m,1402.6,m,"unnamed water body (natural=water, 0.6 ha)",0.0,ok,"OSM natural=water (pond/lake/reservoir/unspecified) and landuse=reservoir/basin, >= 100 m2",,,,,,,,,,,,,
VAD-02,Vadodara LF-2 (Atladara),2016,6.96,R3,Highway (NH / SH),200 m,322.9,m,Flyover (primary),0.0,ok,"OSM motorway/trunk/primary (OSM India: trunk = NH, primary = SH) or ref NH/SH",2453.8,ok,strict: only motorway/trunk or roads with an NH/SH ref, (trunk),,,,,,,,,
VAD-02,Vadodara LF-2 (Atladara),2016,6.96,R4,Habitation,200 m,26.8,m,131 residential buildings within 200 m (of 160 buildings); nearest building 26.8 m,131.0,breach,"Overture buildings outside the dumpsite (+20 m), not circular tanks, outside OSM industrial / commercial / plant / landfill land, on a GHSL-2018 residential cell; >= 5 = breach; imagery review 'uncertain' -> check",,,,,breach,confirmed,apartments and houses to the west and south,1851.3,,,,,
VAD-02,Vadodara LF-2 (Atladara),2016,6.96,R5,Public park,200 m,736.1,m,unnamed park,0.0,ok,OSM leisure=park / recreation_ground,,,,,,,,,,,,,
VAD-02,Vadodara LF-2 (Atladara),2016,6.96,R6,Water-supply well,200 m,,m,no public map of water-supply wells,,not assessable,no complete open dataset of water-supply wells; OSM man_made=water_well shown for information only,,,,,,,,,,,,,
VAD-02,Vadodara LF-2 (Atladara),2016,6.96,R7,Airport / airbase,20 km (10-20 km only with NOC),8.42,km,"Vadodara Green Airport Harni (VABO; airport, scheduled flights; military use)",,breach,"aerodromes from OSM (airports, airbases, airstrips; not abandoned), distance to the aerodrome reference point (OurAirports); < 10 km = breach; 10-20 km = allowed only with a NOC (conditional)",6.88,breach,distance to the nearest aerodrome boundary (OSM polygon),,,,,,"airport, scheduled flights; military use",,,,
VAD-02,Vadodara LF-2 (Atladara),2016,6.96,R8,Flood plain (100-year),not permitted,96.6,% of outline in 100-yr flood extent,overlap 6.72 ha; nearest flooded cell 0.0 m; max depth under outline 3.8 m,,breach,"JRC/Copernicus global river flood hazard map v2.1.2, 100-year return period, 90 m; >= 10% of outline = breach, 0-10% = edge overlap (check)",,,,,,,,,,6.72,0.0,3.82,
VAD-02,Vadodara LF-2 (Atladara),2016,6.96,R9,Coastal Regulation Zone,not permitted,,m,no coastline within 2.5 km; no tidal feature within 2.5 km,,ok,SCREENING: within 500 m of the OSM coastline or 50 m of OSM tidal features (CRZ Notification 2019); official CZMP High Tide Line maps not used,,,,,,,,,,,,,
VAD-02,Vadodara LF-2 (Atladara),2016,6.96,R10,Wetland,not permitted,,m,none within 2.5 km,,ok,"OSM natural=wetland (incl. mangrove, marsh, tidal flat, salt marsh); breach = outline overlaps it",,,,,,,,,,,,,
VAD-02,Vadodara LF-2 (Atladara),2016,6.96,R11,Critical habitat / eco-fragile area,not permitted,32.94,km,Vadhvana Wetlands,,ok,"OSM protected areas (national parks, sanctuaries, reserves) in Gujarat; inside or < 1 km (minimum ESZ, SC order 3 June 2022) = breach; 1-10 km = check the notified ESZ (10 km default, MoEFCC 2011)",,,,,,,,,,,,,
VAD-02,Vadodara LF-2 (Atladara),2016,6.96,R12,In town-planning land-use plan,required,,,OSM marks the site as landuse=landfill,,not assessable,needs the town-planning Development Plan / TP scheme maps; not available as open GIS data,,,,,,,,,,,,,
VAP-01,Vapi LF-1,2026,1.4,R1,River,100 m,2.1,m,Daman Ganga (unnamed OSM part),1.0,breach,OSM waterway=river / river water areas,,,,,,,,,,,,,
VAP-01,Vapi LF-1,2026,1.4,R2,Pond,200 m,791.4,m,"unnamed water body (natural=water, 4.4 ha)",0.0,ok,"OSM natural=water (pond/lake/reservoir/unspecified) and landuse=reservoir/basin, >= 100 m2",,,,,,,,,,,,,
VAP-01,Vapi LF-1,2026,1.4,R3,Highway (NH / SH),200 m,1473.7,m,"NH848B (trunk, NH848B)",0.0,ok,"OSM motorway/trunk/primary (OSM India: trunk = NH, primary = SH) or ref NH/SH",1473.7,ok,strict: only motorway/trunk or roads with an NH/SH ref,"NH848B (trunk, NH848B)",,,,,,,,,
VAP-01,Vapi LF-1,2026,1.4,R4,Habitation,200 m,73.7,m,7 residential buildings within 200 m (of 13 buildings); nearest building 73.7 m,7.0,breach,"Overture buildings outside the dumpsite (+20 m), not circular tanks, outside OSM industrial / commercial / plant / landfill land, on a GHSL-2018 residential cell; >= 5 = breach; imagery review 'uncertain' -> check",,,,,breach,confirmed,student imagery check 26 Sep: residential buildings within 200 m to the south-east,,,,,,
VAP-01,Vapi LF-1,2026,1.4,R5,Public park,200 m,,m,none within 2.5 km,0.0,ok,OSM leisure=park / recreation_ground,,,,,,,,,,,,,
VAP-01,Vapi LF-1,2026,1.4,R6,Water-supply well,200 m,,m,no public map of water-supply wells,,not assessable,no complete open dataset of water-supply wells; OSM man_made=water_well shown for information only,,,,,,,,,,,,,
VAP-01,Vapi LF-1,2026,1.4,R7,Airport / airbase,20 km (10-20 km only with NOC),8.52,km,"Daman Airport (VADN; airport, no scheduled flights; military use)",,breach,"aerodromes from OSM (airports, airbases, airstrips; not abandoned), distance to the aerodrome reference point (OurAirports); < 10 km = breach; 10-20 km = allowed only with a NOC (conditional)",7.73,breach,distance to the nearest aerodrome boundary (OSM polygon),,,,,,"airport, no scheduled flights; military use",,,,
VAP-01,Vapi LF-1,2026,1.4,R8,Flood plain (100-year),not permitted,51.1,% of outline in 100-yr flood extent,overlap 0.72 ha; nearest flooded cell 0.0 m; max depth under outline 7.6 m,,breach,"JRC/Copernicus global river flood hazard map v2.1.2, 100-year return period, 90 m; >= 10% of outline = breach, 0-10% = edge overlap (check)",,,,,,,,,,0.72,0.0,7.59,
VAP-01,Vapi LF-1,2026,1.4,R9,Coastal Regulation Zone,not permitted,,m,no coastline within 2.5 km; no tidal feature within 2.5 km,,ok,SCREENING: within 500 m of the OSM coastline or 50 m of OSM tidal features (CRZ Notification 2019); official CZMP High Tide Line maps not used,,,,,,,,,,,,,
VAP-01,Vapi LF-1,2026,1.4,R10,Wetland,not permitted,2710.9,m,wetland: unspecified,,ok,"OSM natural=wetland (incl. mangrove, marsh, tidal flat, salt marsh); breach = outline overlaps it",,,,,,,,,,,,,
VAP-01,Vapi LF-1,2026,1.4,R11,Critical habitat / eco-fragile area,not permitted,19.78,km,Dadra & Nagar Haveli WLS,,ok,"OSM protected areas (national parks, sanctuaries, reserves) in Gujarat; inside or < 1 km (minimum ESZ, SC order 3 June 2022) = breach; 1-10 km = check the notified ESZ (10 km default, MoEFCC 2011)",,,,,,,,,,,,,
VAP-01,Vapi LF-1,2026,1.4,R12,In town-planning land-use plan,required,,,not tagged as landfill in OSM,,not assessable,needs the town-planning Development Plan / TP scheme maps; not available as open GIS data,,,,,,,,,,,,,
VAP-01,Vapi LF-1,2016,0.53,R1,River,100 m,31.6,m,Daman Ganga (unnamed OSM part),1.0,breach,OSM waterway=river / river water areas,,,,,,,,,,,,,
VAP-01,Vapi LF-1,2016,0.53,R2,Pond,200 m,836.5,m,"unnamed water body (natural=water, 4.4 ha)",0.0,ok,"OSM natural=water (pond/lake/reservoir/unspecified) and landuse=reservoir/basin, >= 100 m2",,,,,,,,,,,,,
VAP-01,Vapi LF-1,2016,0.53,R3,Highway (NH / SH),200 m,1491.9,m,"NH848B (trunk, NH848B)",0.0,ok,"OSM motorway/trunk/primary (OSM India: trunk = NH, primary = SH) or ref NH/SH",1491.9,ok,strict: only motorway/trunk or roads with an NH/SH ref,"NH848B (trunk, NH848B)",,,,,,,,,
VAP-01,Vapi LF-1,2016,0.53,R4,Habitation,200 m,106.2,m,4 residential buildings within 200 m (of 9 buildings); nearest building 106.2 m,4.0,ok,"Overture buildings outside the dumpsite (+20 m), not circular tanks, outside OSM industrial / commercial / plant / landfill land, on a GHSL-2018 residential cell; >= 5 = breach; imagery review 'uncertain' -> check",,,,,ok,confirmed,student imagery check 26 Sep: residential buildings within 200 m to the south-east,,,,,,
VAP-01,Vapi LF-1,2016,0.53,R5,Public park,200 m,,m,none within 2.5 km,0.0,ok,OSM leisure=park / recreation_ground,,,,,,,,,,,,,
VAP-01,Vapi LF-1,2016,0.53,R6,Water-supply well,200 m,,m,no public map of water-supply wells,,not assessable,no complete open dataset of water-supply wells; OSM man_made=water_well shown for information only,,,,,,,,,,,,,
VAP-01,Vapi LF-1,2016,0.53,R7,Airport / airbase,20 km (10-20 km only with NOC),8.53,km,"Daman Airport (VADN; airport, no scheduled flights; military use)",,breach,"aerodromes from OSM (airports, airbases, airstrips; not abandoned), distance to the aerodrome reference point (OurAirports); < 10 km = breach; 10-20 km = allowed only with a NOC (conditional)",7.74,breach,distance to the nearest aerodrome boundary (OSM polygon),,,,,,"airport, no scheduled flights; military use",,,,
VAP-01,Vapi LF-1,2016,0.53,R8,Flood plain (100-year),not permitted,48.7,% of outline in 100-yr flood extent,overlap 0.26 ha; nearest flooded cell 0.0 m; max depth under outline 7.6 m,,breach,"JRC/Copernicus global river flood hazard map v2.1.2, 100-year return period, 90 m; >= 10% of outline = breach, 0-10% = edge overlap (check)",,,,,,,,,,0.26,0.0,7.59,
VAP-01,Vapi LF-1,2016,0.53,R9,Coastal Regulation Zone,not permitted,,m,no coastline within 2.5 km; no tidal feature within 2.5 km,,ok,SCREENING: within 500 m of the OSM coastline or 50 m of OSM tidal features (CRZ Notification 2019); official CZMP High Tide Line maps not used,,,,,,,,,,,,,
VAP-01,Vapi LF-1,2016,0.53,R10,Wetland,not permitted,2731.4,m,wetland: unspecified,,ok,"OSM natural=wetland (incl. mangrove, marsh, tidal flat, salt marsh); breach = outline overlaps it",,,,,,,,,,,,,
VAP-01,Vapi LF-1,2016,0.53,R11,Critical habitat / eco-fragile area,not permitted,19.83,km,Dadra & Nagar Haveli WLS,,ok,"OSM protected areas (national parks, sanctuaries, reserves) in Gujarat; inside or < 1 km (minimum ESZ, SC order 3 June 2022) = breach; 1-10 km = check the notified ESZ (10 km default, MoEFCC 2011)",,,,,,,,,,,,,
VAP-01,Vapi LF-1,2016,0.53,R12,In town-planning land-use plan,required,,,not tagged as landfill in OSM,,not assessable,needs the town-planning Development Plan / TP scheme maps; not available as open GIS data,,,,,,,,,,,,,
