site,site_id,epoch,status,n_parts,parts_traced,area_ha,area_unc_ha,perimeter_m,shape_index,compactness,fractal_dim
Ahmedabad LF-1 (Pirana),AHM-01,2016,traced,1,main,38.4795,0.7409,3703.4746,1.6842,0.3525,1.0623
Ahmedabad LF-1 (Pirana),AHM-01,2018,traced,1,main,37.9794,0.742,3707.0843,1.6969,0.3473,1.0635
Ahmedabad LF-1 (Pirana),AHM-01,2020,traced,1,main,38.7309,0.9323,4662.5332,2.1134,0.2239,1.0975
Ahmedabad LF-1 (Pirana),AHM-01,2022,traced,1,main,34.4871,0.6159,3076.2591,1.4777,0.458,1.0423
Ahmedabad LF-1 (Pirana),AHM-01,2024,traced,1,main,29.3571,0.5379,2685.6623,1.3983,0.5115,1.0341
Ahmedabad LF-1 (Pirana),AHM-01,2026,traced,1,main,29.9255,0.6348,3172.1161,1.6358,0.3737,1.0589
Ahmedabad LF-2,AHM-02,2016,traced,2,a+b,8.4504,0.3705,1856.8416,1.8019,0.308,1.0825
Ahmedabad LF-2,AHM-02,2018,traced,2,a+b,12.4691,0.463,2317.782,1.8516,0.2917,1.0844
Ahmedabad LF-2,AHM-02,2020,traced,2,a+b,15.4583,0.6275,3141.4264,2.2539,0.1968,1.1158
Ahmedabad LF-2,AHM-02,2022,traced,2,a+b,18.0433,0.5534,2769.1816,1.839,0.2957,1.0807
Ahmedabad LF-2,AHM-02,2024,traced,2,a+b,16.4296,0.5829,2917.7183,2.0306,0.2425,1.0978
Ahmedabad LF-2,AHM-02,2026,traced,1,a,8.1759,0.2891,1447.3994,1.428,0.4904,1.0416
Ahmedabad LF-3,AHM-03,2016,traced,1,main,3.103,0.1416,708.9314,1.1353,0.7759,1.0012
Ahmedabad LF-3,AHM-03,2018,traced,1,main,3.3384,0.1538,770.373,1.1894,0.7069,1.0101
Ahmedabad LF-3,AHM-03,2020,traced,1,main,4.0774,0.1616,808.635,1.1297,0.7836,1.0002
Ahmedabad LF-3,AHM-03,2022,traced,1,main,6.8783,0.2105,1053.3676,1.133,0.779,1.0007
Ahmedabad LF-3,AHM-03,2024,traced,1,main,8.5458,0.2337,1169.0527,1.1281,0.7858,1.0
Ahmedabad LF-3,AHM-03,2026,traced,1,main,8.5458,0.2337,1169.0527,1.1281,0.7858,1.0
Bhuj LF-1,BHJ-01,2016,traced,1,main,4.9861,0.4073,2020.5473,2.5526,0.1535,1.1509
Bhuj LF-1,BHJ-01,2018,traced,1,main,4.1768,0.3383,1688.498,2.3306,0.1841,1.1363
Bhuj LF-1,BHJ-01,2020,traced,1,main,6.2379,0.335,1670.083,1.8863,0.281,1.0931
Bhuj LF-1,BHJ-01,2022,traced,1,main,5.6687,0.3516,1755.0499,2.0794,0.2313,1.1117
Bhuj LF-1,BHJ-01,2024,traced,1,main,7.6934,0.3715,1856.8224,1.8884,0.2804,1.0915
Bhuj LF-1,BHJ-01,2026,traced,1,main,6.6902,0.3777,1888.7687,2.0599,0.2357,1.1083
Bhavnagar LF-1,BHV-01,2016,traced,1,main,3.7032,0.207,1030.2963,1.5103,0.4384,1.0554
Bhavnagar LF-1,BHV-01,2018,traced,1,main,14.8342,0.4748,2380.0903,1.7432,0.3291,1.0731
Bhavnagar LF-1,BHV-01,2020,traced,1,main,19.7231,0.5368,2687.7731,1.7073,0.3431,1.0679
Bhavnagar LF-1,BHV-01,2022,traced,1,main,18.4596,0.6817,3384.2898,2.222,0.2025,1.1118
Bhavnagar LF-1,BHV-01,2024,traced,1,main,17.5241,0.7864,3916.9834,2.6395,0.1435,1.1408
Bhavnagar LF-1,BHV-01,2026,traced,1,main,14.7888,0.5714,2862.2093,2.0996,0.2269,1.1043
Gandhinagar LF-1,GNR-01,2016,traced,1,main,1.1101,0.0844,417.1733,1.1169,0.8016,0.9978
Gandhinagar LF-1,GNR-01,2018,traced,1,main,0.9179,0.0847,418.5302,1.2323,0.6585,1.0193
Gandhinagar LF-1,GNR-01,2020,traced,1,main,1.1192,0.1073,538.4149,1.4357,0.4852,1.0517
Gandhinagar LF-1,GNR-01,2022,traced,1,main,6.9098,0.2994,1493.247,1.6025,0.3894,1.063
Gandhinagar LF-1,GNR-01,2024,traced,1,main,8.5967,0.3119,1558.0541,1.499,0.445,1.05
Gandhinagar LF-1,GNR-01,2026,traced,1,main,12.5824,0.603,3023.9112,2.4048,0.1729,1.1289
Jamnagar LF-1,JAM-01,2016,traced,1,main,1.5549,0.115,570.8517,1.2914,0.5996,1.028
Jamnagar LF-1,JAM-01,2018,traced,1,main,2.5074,0.1512,749.9926,1.3361,0.5602,1.0334
Jamnagar LF-1,JAM-01,2020,traced,1,main,2.9243,0.1887,936.6811,1.5452,0.4188,1.0611
Jamnagar LF-1,JAM-01,2022,traced,1,main,2.6273,0.1894,939.5708,1.6352,0.374,1.0729
Jamnagar LF-1,JAM-01,2024,traced,1,main,2.2059,0.1344,672.1346,1.2766,0.6136,1.0247
Jamnagar LF-1,JAM-01,2026,traced,1,main,2.7922,0.1504,751.3593,1.2684,0.6215,1.0229
Mehsana LF-1,MEH-01,2016,traced,1,main,2.5712,0.1335,666.848,1.1732,0.7266,1.0077
Mehsana LF-1,MEH-01,2018,traced,1,main,2.1778,0.1302,651.2218,1.2448,0.6453,1.0197
Mehsana LF-1,MEH-01,2020,traced,1,main,3.9355,0.1672,830.1438,1.1805,0.7176,1.0085
Mehsana LF-1,MEH-01,2022,traced,1,main,3.5338,0.1717,849.9165,1.2754,0.6148,1.0234
Mehsana LF-1,MEH-01,2024,traced,1,main,4.254,0.1759,876.6681,1.199,0.6956,1.0114
Mehsana LF-1,MEH-01,2026,traced,1,main,2.7753,0.3053,1526.7192,2.5852,0.1496,1.1621
Rajkot LF-1,RAJ-01,2016,traced,1,main,7.3147,0.3352,1675.6481,1.7478,0.3274,1.0781
Rajkot LF-1,RAJ-01,2018,traced,1,main,7.6689,0.343,1714.2716,1.7463,0.3279,1.0777
Rajkot LF-1,RAJ-01,2020,traced,1,main,17.312,0.3334,1665.0712,1.1289,0.7847,1.0001
Rajkot LF-1,RAJ-01,2022,traced,1,main,21.0079,0.4892,2445.829,1.5053,0.4413,1.047
Rajkot LF-1,RAJ-01,2024,traced,1,main,28.2775,0.5763,2882.0651,1.5289,0.4278,1.0484
Rajkot LF-1,RAJ-01,2026,traced,1,main,28.1377,0.5753,2876.2093,1.5296,0.4274,1.0485
Surat LF-1 (Bhatar),SUR-01,2016,traced,1,main,1.9713,0.1327,664.4641,1.335,0.5611,1.034
Surat LF-1 (Bhatar),SUR-01,2018,traced,1,main,1.8301,0.1167,581.136,1.2118,0.681,1.0145
Surat LF-1 (Bhatar),SUR-01,2020,traced,1,main,1.6241,0.1172,584.5281,1.2939,0.5973,1.0282
Surat LF-1 (Bhatar),SUR-01,2022,traced,1,main,0.823,0.0943,460.0742,1.4306,0.4886,1.0526
Surat LF-1 (Bhatar),SUR-01,2024,traced,1,main,0.4616,0.0542,271.004,1.1252,0.7898,0.9993
Surat LF-1 (Bhatar),SUR-01,2026,traced,1,main,0.4095,0.0636,321.8699,1.4188,0.4968,1.0551
Surat LF-2 (Khajod),SUR-02,2016,traced,3,a+b+c,68.7174,1.1029,5516.5208,1.8773,0.2838,1.0757
Surat LF-2 (Khajod),SUR-02,2018,traced,3,a+b+c,68.3473,1.2665,6338.1303,2.1627,0.2138,1.0968
Surat LF-2 (Khajod),SUR-02,2020,traced,2,b+c,18.976,0.535,2676.7165,1.7334,0.3328,1.0706
Surat LF-2 (Khajod),SUR-02,2022,traced,2,b+c,35.0127,1.0403,5200.1779,2.4791,0.1627,1.1233
Surat LF-2 (Khajod),SUR-02,2024,traced,2,b+c,53.5396,1.2679,6416.6351,2.4738,0.1634,1.119
Surat LF-2 (Khajod),SUR-02,2026,traced,2,b+c,31.2074,0.9361,4704.1656,2.3755,0.1772,1.1177
Vadodara LF-1,VAD-01,2016,traced,1,main,3.0217,0.148,737.3197,1.1965,0.6985,1.0114
Vadodara LF-1,VAD-01,2018,traced,1,main,3.9169,0.1618,807.6364,1.1512,0.7546,1.0038
Vadodara LF-1,VAD-01,2020,traced,1,main,8.5907,0.4286,2128.0986,2.0482,0.2384,1.105
Vadodara LF-1,VAD-01,2022,traced,1,main,10.7247,0.4648,2315.9416,1.9949,0.2513,1.0984
Vadodara LF-1,VAD-01,2024,traced,1,main,12.6877,0.4778,2361.8368,1.8705,0.2858,1.086
Vadodara LF-1,VAD-01,2026,traced,1,main,12.8757,0.4625,2289.8746,1.8002,0.3086,1.0794
Vadodara LF-2,VAD-02,2016,traced,3,a+b+main,6.9617,0.3912,1949.8631,2.0847,0.2301,1.1101
Vadodara LF-2,VAD-02,2018,traced,2,a+b+main,5.6881,0.3184,1588.8025,1.8792,0.2832,1.0932
Vadodara LF-2,VAD-02,2020,traced,1,main,3.0063,0.1351,674.9372,1.0981,0.8293,0.9947
Vadodara LF-2,VAD-02,2022,traced,2,a+b,0.7929,0.1835,910.939,2.8858,0.1201,1.2092
Vadodara LF-2,VAD-02,2024,traced,2,a+b,1.0917,0.2102,1041.6802,2.8124,0.1264,1.1964
Vadodara LF-2,VAD-02,2026,traced,2,a+b,0.7328,0.1363,677.6398,2.2331,0.2005,1.1534
Vapi LF-1,VAP-01,2016,traced,1,main,0.5263,0.0787,384.3081,1.4944,0.4478,1.0656
Vapi LF-1,VAP-01,2018,traced,1,main,0.8635,0.1021,508.9071,1.5449,0.419,1.0693
Vapi LF-1,VAP-01,2020,traced,1,main,0.948,0.0872,431.4167,1.2499,0.6401,1.0223
Vapi LF-1,VAP-01,2022,traced,1,main,1.7437,0.1562,777.1868,1.6603,0.3628,1.0791
Vapi LF-1,VAP-01,2024,traced,1,main,1.4423,0.1316,652.5198,1.5327,0.4257,1.064
Vapi LF-1,VAP-01,2026,traced,1,main,1.4031,0.1315,646.3942,1.5394,0.422,1.0651
